sourceFileName,Reference,numberOfNodes,numberOfEdges,type
1020clc.adj,unknown_animal_vocalizations,44,101,vocal
11-64.adj,unknown_animal_vocalizations,12,13,vocal
145.adj,wss,24,38,social
146.adj,wss,24,54,social
147_acct_recip.adj,wss,29,119,social
147_reject_any.adj,wss,29,98,social
148.adj,wss,18,30,social
151.adj,wss,9,11,social
152.adj,wss,14,11,social
153.adj,wss,33,55,social
154.adj,wss,35,64,social
155.adj,wss,29,43,social
157.adj,wss,33,44,social
158.adj,wss,45,49,social
159.adj,wss,43,51,social
160.adj,wss,32,45,social
161.adj,wss,55,67,social
162.adj,wss,37,41,social
163.adj,wss,24,33,social
171.adj,wss,11,15,social
174.adj,wss,13,26,social
17NOV_GREECE_19751984.adj,ucinet,11,18,covert
17NOV_GREECE_19851994.adj,ucinet,16,40,covert
17NOV_GREECE_19952002.adj,ucinet,18,45,covert
17NOV_GREECE_1MROWS.adj,ucinet,10,30,covert
17NOV_GREECE_KINSHIP.adj,ucinet,10,9,covert
265.adj,wss,19,22,social
266.adj,wss,21,31,social
267.adj,wss,23,26,social
268.adj,wss,24,58,social
269.adj,wss,27,96,social
270.adj,wss,25,80,social
271.adj,wss,34,71,social
272.adj,wss,33,80,social
273.adj,wss,28,77,social
275.adj,wss,29,81,social
276.adj,wss,29,71,social
277.adj,wss,27,81,social
278.adj,wss,29,79,social
282.adj,wss,8,18,social
304.adj,wss,11,19,social
35_ALLBUSTIES.adj,http://www.orgnet.com/slumlords.html,10,10,covert
395.adj,wss,31,33,social
396.adj,wss,25,32,social
397.adj,wss,56,38,social
3x3.adj,UFSMC,9,18,abstract
3x3aper.adj,UFSMC,9,12,abstract
428.adj,wss,14,68,social
4x4.adj,UFSMC,16,32,abstract
4x4aper.adj,UFSMC,16,24,abstract
50_1908_VISIT_AFF.adj,edwards2009measures,75,166,covert
50_1909_VISIT_AFF.adj,edwards2009measures,83,89,covert
50_1910_VISIT_AFF.adj,edwards2009measures,86,73,covert
50_1911_VISIT_AFF.adj,edwards2009measures,85,54,covert
50_1912_VISIT_AFF.adj,edwards2009measures,78,10,covert
50_BLATHWAYT_COVISITATION_1M.adj,edwards2009measures,86,334,covert
50_BRISTOL_BATH_MILITANTACT_1M.adj,edwards2009measures,14,17,covert
50_BRISTOL_BATH_MILITANTACT_1p.adj,edwards2009measures,14,17,covert
50_BRISTOL_BATH_MILITANTACT.adj,edwards2009measures,19,9,covert
50_BRISTOLBATH_EVENTS1.adj,edwards2009measures,50,236,covert
518.adj,wss,24,57,social
519.adj,wss,20,37,social
521.adj,wss,30,77,social
522.adj,wss,28,67,social
524.adj,wss,8,19,social
525.adj,wss,8,18,social
5x5.adj,UFSMC,25,50,abstract
5x5aper.adj,UFSMC,25,40,abstract
60_PERIOD1_ATTT.adj,gill2014lethal,14,21,covert
60_PERIOD2_ATT.adj,gill2014lethal,13,20,covert
60_PERIOD3_ATT.adj,gill2014lethal,15,25,covert
60_PERIOD4_5_ATT.adj,gill2014lethal,17,27,covert
60_PERIOD6_ATT.adj,gill2014lethal,17,29,covert
60_PERIOD6_NET.adj,gill2014lethal,83,92,covert
636.adj,wss,26,70,social
637.adj,wss,29,59,social
66_1985_GLOBAL_SUICIDE.adj,acosta2013illuminating,8,14,covert
66_2001_GLOBAL_SUICIDE.adj,acosta2013illuminating,10,14,covert
66_2002_GLOBAL_SUICIDE.adj,acosta2013illuminating,9,11,covert
66_2003_GLOBAL_SUICIDE.adj,acosta2013illuminating,16,24,covert
66_2004_GLOBAL_SUICIDE.adj,acosta2013illuminating,19,35,covert
66_2005_GLOBAL_SUICIDE.adj,acosta2013illuminating,22,37,covert
66_2006_GLOBAL_SUICIDE.adj,acosta2013illuminating,24,37,covert
6x6.adj,UFSMC,36,72,abstract
6x6aper.adj,UFSMC,36,60,abstract
7x7.adj,UFSMC,49,98,abstract
7x7aper.adj,UFSMC,49,84,abstract
893.adj,test,14,28,abstract
8x8.adj,UFSMC,64,128,abstract
8x8aper.adj,UFSMC,64,112,abstract
9_11_HIJACKERS_ASSOCIATES.adj,krebs2002mapping,56,74,covert
9_11_HIJACKERS_PRIORCONTACTS.adj,krebs2002mapping,19,24,covert
913330800.adj,vandebunt1999friendship,9,5,social
915145200.adj,vandebunt1999friendship,29,85,social
916959600.adj,vandebunt1999friendship,31,98,social
918774000.adj,vandebunt1999friendship,31,122,social
920588400.adj,vandebunt1999friendship,31,138,social
924217200.adj,vandebunt1999friendship,31,152,social
927846000.adj,vandebunt1999friendship,31,128,social
9x9.adj,UFSMC,81,162,abstract
9x9aper.adj,UFSMC,81,144,abstract
a.adj,test,8,6,abstract
a1.adj,https://github.com/pholme/constellations,31,38,art
a2.adj,https://github.com/pholme/constellations,55,84,art
a3.adj,https://github.com/pholme/constellations,38,51,art
a4.adj,https://github.com/pholme/constellations,55,79,art
adelaide_tram.adj,Kujala2018,56,54,transport
AE_INDO_1990_1994.adj,johnjay,8,7,covert
AE_INDO_1995_1999.adj,johnjay,18,14,covert
AE_INDO_2000.adj,johnjay,22,22,covert
AE_INDO_2001.adj,johnjay,23,25,covert
AE_INDO_2002.adj,johnjay,23,27,covert
AE_INDO_2003.adj,johnjay,24,37,covert
AE_INDO_2004.adj,johnjay,27,112,covert
AE_INDO_2005.adj,johnjay,12,23,covert
AE_INDO_OPERATION_ID.adj,johnjay,27,112,covert
AE_INDO_TIE_EXTINGUISH.adj,johnjay,27,112,covert
AE_INDO_TIE_YEAR.adj,johnjay,27,112,covert
alarm.adj,scutari2021bayesian,37,46,abstract
ALQAEDA9303_OPERATIONS_1.adj,johnjay,11,19,covert
ALQAEDA9303_OPERATIONS_10.adj,johnjay,11,17,covert
ALQAEDA9303_OPERATIONS_11.adj,johnjay,23,66,covert
ALQAEDA9303_OPERATIONS_12.adj,johnjay,8,14,covert
ALQAEDA9303_OPERATIONS_13.adj,johnjay,17,47,covert
ALQAEDA9303_OPERATIONS_14.adj,johnjay,19,38,covert
ALQAEDA9303_OPERATIONS_15.adj,johnjay,14,26,covert
ALQAEDA9303_OPERATIONS_18.adj,johnjay,12,26,covert
ALQAEDA9303_OPERATIONS_19.adj,johnjay,9,16,covert
ALQAEDA9303_OPERATIONS_22.adj,johnjay,16,32,covert
ALQAEDA9303_OPERATIONS_23.adj,johnjay,8,14,covert
ALQAEDA9303_OPERATIONS_25.adj,johnjay,10,27,covert
ALQAEDA9303_OPERATIONS_26.adj,johnjay,12,13,covert
ALQAEDA9303_OPERATIONS_28.adj,johnjay,29,109,covert
ALQAEDA9303_OPERATIONS_3.adj,johnjay,19,77,covert
ALQAEDA9303_OPERATIONS_4.adj,johnjay,28,99,covert
ALQAEDA9303_OPERATIONS_5.adj,johnjay,6,10,covert
ALQAEDA9303_OPERATIONS_7.adj,johnjay,12,38,covert
ALQAEDA9303_OPERATIONS_8.adj,johnjay,12,44,covert
ALQAEDA9303_OPERATIONS_9.adj,johnjay,8,16,covert
AmadMyJn12-10.adj,unknown_animal_vocalizations,76,213,vocal
AmadMyJn12-11.adj,unknown_animal_vocalizations,65,162,vocal
AmadMyJn12-20.adj,unknown_animal_vocalizations,18,33,vocal
AmadMyJn12-26.adj,unknown_animal_vocalizations,43,70,vocal
AmadMyJn12-27.adj,unknown_animal_vocalizations,7,6,vocal
AmadMyJn12-28.adj,unknown_animal_vocalizations,48,96,vocal
AmadMyJn12-36.adj,unknown_animal_vocalizations,19,32,vocal
AmadMyJn12-5.adj,unknown_animal_vocalizations,34,62,vocal
AmadMyJn12-50.adj,unknown_animal_vocalizations,16,27,vocal
AmadMyJn12-51.adj,unknown_animal_vocalizations,15,19,vocal
AmadMyJn12-6.adj,unknown_animal_vocalizations,58,105,vocal
Amador10-25.adj,unknown_animal_vocalizations,31,46,vocal
Amador10-26.adj,unknown_animal_vocalizations,13,14,vocal
Amador10-27.adj,unknown_animal_vocalizations,44,81,vocal
Amador10-28.adj,unknown_animal_vocalizations,33,51,vocal
Amador10-29.adj,unknown_animal_vocalizations,42,59,vocal
Amador10-30.adj,unknown_animal_vocalizations,31,46,vocal
Amador10-31.adj,unknown_animal_vocalizations,27,41,vocal
Amador10-32.adj,unknown_animal_vocalizations,7,7,vocal
Amador10-33.adj,unknown_animal_vocalizations,15,16,vocal
Amador10-34.adj,unknown_animal_vocalizations,40,82,vocal
Amador10-35.adj,unknown_animal_vocalizations,34,53,vocal
Amador10-42.adj,unknown_animal_vocalizations,11,10,vocal
Amador10-43.adj,unknown_animal_vocalizations,4,5,vocal
Amador10-62.adj,unknown_animal_vocalizations,13,15,vocal
Amador10-63.adj,unknown_animal_vocalizations,44,67,vocal
ant1_1.adj,blonder2011time,88,125,animal
ant1_2.adj,blonder2011time,71,100,animal
ant2_1.adj,blonder2011time,70,84,animal
ant2_2.adj,blonder2011time,68,88,animal
ant3_1.adj,blonder2011time,11,22,animal
ant3_2.adj,blonder2011time,6,12,animal
ant4_1.adj,blonder2011time,30,40,animal
ant4_2.adj,blonder2011time,29,43,animal
ants1.adj,blonder2011time,29,36,animal
ants10.adj,blonder2011time,24,30,animal
ants11.adj,blonder2011time,28,45,animal
ants12.adj,blonder2011time,30,40,animal
ants13.adj,blonder2011time,30,32,animal
ants14.adj,blonder2011time,33,46,animal
ants15.adj,blonder2011time,30,44,animal
ants16.adj,blonder2011time,27,48,animal
ants2.adj,blonder2011time,24,32,animal
ants3.adj,blonder2011time,28,25,animal
ants4.adj,blonder2011time,35,51,animal
ants5.adj,blonder2011time,26,24,animal
ants6.adj,blonder2011time,29,22,animal
ants7.adj,blonder2011time,29,43,animal
ants8.adj,blonder2011time,36,53,animal
ants9.adj,blonder2011time,26,36,animal
arayawienergraph88.adj,araya2011cubic,88,132,graph
ash85.adj,UFSMC,85,219,abstract
asianelephant_desilva.adj,sah2019multi,53,50,animal
athens_subway.adj,Kujala2018,61,62,transport
athens_tram.adj,Kujala2018,49,50,transport
Attiro.adj,loomis1953turrialba,60,128,covert
b1.adj,https://github.com/pholme/constellations,35,34,art
b2.adj,https://github.com/pholme/constellations,58,82,art
b3.adj,https://github.com/pholme/constellations,54,64,art
b4.adj,https://github.com/pholme/constellations,84,130,art
baboons.adj,baboon,25,28,animal
balaban_10cage.adj,balaban1973trivalent,70,105,graph
BALIBOMBING2002_1985_1989.adj,koschade2006social,10,14,covert
BALIBOMBING2002_1990_1994.adj,koschade2006social,17,43,covert
BALIBOMBING2002_1995_1999.adj,koschade2006social,22,83,covert
BALIBOMBING2002_2000.adj,koschade2006social,23,97,covert
BALIBOMBING2002_2001.adj,koschade2006social,23,99,covert
BALIBOMBING2002_2002.adj,koschade2006social,27,156,covert
BALIBOMBING2002_2003.adj,koschade2006social,13,52,covert
BALIBOMBING2002_2004.adj,koschade2006social,6,11,covert
BALIBOMBING2002_2005.adj,koschade2006social,6,11,covert
BALIBOMBING2002_2006.adj,koschade2006social,6,10,covert
BALIBOMBING2005_1996.adj,koschade2006social,11,11,covert
BALIBOMBING2005_1997.adj,koschade2006social,11,11,covert
BALIBOMBING2005_1998.adj,koschade2006social,11,13,covert
BALIBOMBING2005_1999.adj,koschade2006social,14,15,covert
BALIBOMBING2005_2000_1.adj,koschade2006social,15,16,covert
BALIBOMBING2005_2000_2.adj,koschade2006social,15,16,covert
BALIBOMBING2005_2001_1.adj,koschade2006social,16,17,covert
BALIBOMBING2005_2001_2.adj,koschade2006social,16,17,covert
BALIBOMBING2005_2002_1.adj,koschade2006social,19,37,covert
BALIBOMBING2005_2002_2.adj,koschade2006social,19,38,covert
BALIBOMBING2005_2003_1.adj,koschade2006social,22,43,covert
BALIBOMBING2005_2003_2.adj,koschade2006social,23,44,covert
BALIBOMBING2005_2004_1.adj,koschade2006social,25,50,covert
BALIBOMBING2005_2004_2.adj,koschade2006social,25,50,covert
BALIBOMBING2005_2005_1.adj,koschade2006social,27,82,covert
BALIBOMBING2005_2005_2.adj,koschade2006social,27,90,covert
bangladesh.adj,singh2020janes,60,61,transport
barley.adj,scutari2021bayesian,48,84,abstract
BASEBALL_1M.adj,mitchell2007report,72,1017,other
beetle_fomica_group_C1_period_1.adj,sah2019multi,30,44,animal
beetle_fomica_group_C1_period_2.adj,sah2019multi,28,41,animal
beetle_fomica_group_C2_period_1.adj,sah2019multi,26,38,animal
beetle_fomica_group_C2_period_2.adj,sah2019multi,29,43,animal
beetle_fomica_group_C3_period_1.adj,sah2019multi,26,38,animal
beetle_fomica_group_C3_period_2.adj,sah2019multi,25,37,animal
beetle_fomica_group_C4_period_1.adj,sah2019multi,30,44,animal
beetle_fomica_group_C4_period_2.adj,sah2019multi,28,41,animal
beetle_fomica_group_T1_period_1.adj,sah2019multi,29,43,animal
beetle_fomica_group_T2_period_1.adj,sah2019multi,29,42,animal
beetle_fomica_group_T3_period_1.adj,sah2019multi,29,43,animal
beetle_fomica_group_T4_period_1.adj,sah2019multi,27,40,animal
belarus.adj,singh2020janes,58,67,transport
BHGB10-18.adj,unknown_animal_vocalizations,26,31,vocal
BHGB10-19.adj,unknown_animal_vocalizations,24,34,vocal
BHGB10-20.adj,unknown_animal_vocalizations,25,30,vocal
BHGB10-21.adj,unknown_animal_vocalizations,48,88,vocal
BHGB10-42.adj,unknown_animal_vocalizations,9,8,vocal
BHGB11-11.adj,unknown_animal_vocalizations,47,96,vocal
BHGB11-13.adj,unknown_animal_vocalizations,46,74,vocal
BHGB11-25.adj,unknown_animal_vocalizations,30,55,vocal
BHGB11-26.adj,unknown_animal_vocalizations,44,115,vocal
BHGB11-27.adj,unknown_animal_vocalizations,36,89,vocal
BHGB11-28.adj,unknown_animal_vocalizations,25,33,vocal
BHGB11-29.adj,unknown_animal_vocalizations,41,105,vocal
BHGB11-30.adj,unknown_animal_vocalizations,31,58,vocal
BHGB11-31.adj,unknown_animal_vocalizations,35,90,vocal
BHGB11-55.adj,unknown_animal_vocalizations,7,6,vocal
BHGB11-56.adj,unknown_animal_vocalizations,14,24,vocal
BHGB11-57.adj,unknown_animal_vocalizations,20,37,vocal
BHGB11-59.adj,unknown_animal_vocalizations,14,25,vocal
bidiakis_cube.adj,https://mathworld.wolfram.com/BidiakisCube.html,12,18,graph
birdtrade_a.adj,reino2017networks,42,68,covert
birdtrade_b.adj,reino2017networks,39,53,covert
birdtrade_c.adj,reino2017networks,34,46,covert
bkoff_BKOFFB.adj,bernard1982informant,40,238,social
bktec_BKTECB.adj,bernard1982informant,34,175,social
bluetooth2.adj,madan2011sensing,73,83,social
bordeaux_ferry.adj,Kujala2018,5,6,transport
bott_cooperate.adj,bott1928observations,11,18,social
bott_imitate.adj,bott1928observations,11,29,social
bott_interfere.adj,bott1928observations,11,44,social
bott_talk.adj,bott1928observations,11,46,social
bott_watch.adj,bott1928observations,11,43,social
brinkmanngraph.adj,brinkmann1997smallest,21,42,graph
brisbane_ferry.adj,Kujala2018,31,35,transport
BULGARIA.adj,singh2020janes,85,96,transport
c1.adj,https://github.com/pholme/constellations,52,75,art
c2.adj,https://github.com/pholme/constellations,49,60,art
c3.adj,https://github.com/pholme/constellations,39,54,art
c4.adj,https://github.com/pholme/constellations,91,132,art
call_center.adj,olguin2008sensible,51,64,social
call2.adj,madan2011sensing,74,104,social
can_62.adj,UFSMC,62,78,abstract
can_73.adj,UFSMC,73,152,abstract
cat_ears_2_1.adj,UFSMC,85,242,abstract
CATH1.adj,unknown_animal_vocalizations,84,159,vocal
CATH2.adj,unknown_animal_vocalizations,42,60,vocal
CATH3.adj,unknown_animal_vocalizations,40,61,vocal
CATH4.adj,unknown_animal_vocalizations,64,134,vocal
CATH5.adj,unknown_animal_vocalizations,53,100,vocal
CATH6.adj,unknown_animal_vocalizations,77,233,vocal
CATH7.adj,unknown_animal_vocalizations,42,54,vocal
CAVIAR1.adj,morselli2009inside,15,17,covert
CAVIAR10.adj,morselli2009inside,38,41,covert
CAVIAR11.adj,morselli2009inside,35,38,covert
CAVIAR2.adj,morselli2009inside,21,23,covert
CAVIAR3.adj,morselli2009inside,32,45,covert
CAVIAR4.adj,morselli2009inside,32,44,covert
CAVIAR5.adj,morselli2009inside,25,26,covert
CAVIAR6.adj,morselli2009inside,23,31,covert
CAVIAR7.adj,morselli2009inside,30,38,covert
CAVIAR8.adj,morselli2009inside,33,44,covert
CAVIAR9.adj,morselli2009inside,30,38,covert
ch3-3-b1.adj,UFSMC,18,34,abstract
ch4-4-b1.adj,UFSMC,72,138,abstract
Chesapeake.adj,bair:bay,39,170,eco
ChesLower.adj,bair:bay,37,167,eco
ChesMiddle.adj,bair:bay,37,198,eco
ChesUpper.adj,bair:bay,37,199,eco
chilakamarrimothgraph.adj,chilakamarri1995unit,47,89,graph
child.adj,scutari2021bayesian,20,25,social
chile.adj,singh2020janes,62,63,transport
CHRISTMASEVEINDONESIA_1985_1989.adj,johnjay,12,23,covert
CHRISTMASEVEINDONESIA_1990_1994.adj,johnjay,30,98,covert
CHRISTMASEVEINDONESIA_1995_1999.adj,johnjay,39,146,covert
CHRISTMASEVEINDONESIA_2000.adj,johnjay,45,233,covert
CHRISTMASEVEINDONESIA_2001.adj,johnjay,39,187,covert
CHRISTMASEVEINDONESIA_2002.adj,johnjay,28,102,covert
CHRISTMASEVEINDONESIA_2003.adj,johnjay,20,46,covert
CHRISTMASEVEINDONESIA_2004.adj,johnjay,6,7,covert
CHRISTMASEVEINDONESIA_2005.adj,johnjay,7,7,covert
CHRISTMASEVEINDONESIA_2006.adj,johnjay,8,8,covert
CHRISTMASEVEINDONESIA_KINSHIP_0.adj,johnjay,45,228,covert
chvatal.adj,chvatal1970smallest,12,24,graph
CIELNET.adj,morselli2009inside,22,25,covert
clebschgraph.adj,clebsch1868ueber,16,40,covert
COCAINE_ACERO.adj,read2008dynamic,23,35,covert
COCAINE_DEALING.adj,read2008dynamic,16,17,covert
COCAINE_JAKE.adj,read2008dynamic,29,34,covert
COCAINE_JUANES.adj,read2008dynamic,49,85,covert
COCAINE_MAMBO.adj,read2008dynamic,31,54,covert
colombia.adj,singh2020janes,37,37,transport
comm1.adj,ucinet,71,220,social
complete9graphsympletic7cover.adj,godsil1996covers,63,252,graph
contiguoususagraph.adj,knuth2008art,49,107,graph
conwaysmithgraph.adj,smith1977nonassociative,63,315,graph
cp_hospital.adj,vanhems2013estimating,72,89,social
cp_office.adj,genois2015data,94,108,social
cremonarichmondconfigurationgraph.adj,cremona1868memoire,15,30,graph
croatia.adj,singh2020janes,56,61,transport
CrystalC.adj,pajek,24,114,other
CrystalD.adj,pajek,24,92,other
cuba.adj,singh2020janes,75,95,transport
cuboctahedrallinegraph.adj,https://en.wikipedia.org/wiki/Polyhedron,24,72,graph
CZECH_CORRUPTION.adj,ucinet,13,50,covert
d_dyn.adj,UFSMC,87,225,abstract
decagonmycielskiangraph.adj,https://en.wikipedia.org/wiki/Mycielskian,21,40,graph
deltoidalicositetrahedralgraph.adj,https://mathworld.wolfram.com/DeltoidalIcositetrahedralGraph.html,26,48,graph
denmark.adj,singh2020janes,80,94,transport
desargues.adj,https://mathworld.wolfram.com/DesarguesGraph.html,20,30,graph
diary.adj,read2008dynamic,48,32,social
dining_table_partners.adj,pajek,26,42,social
disdyakisdodecahedralgraph.adj,https://mathworld.wolfram.com/DisdyakisDodecahedralGraph.html,26,72,graph
dodecahedral.adj,https://en.wikipedia.org/wiki/Polyhedron,20,30,graph
dolphin.adj,lusseau2003bottlenose,62,159,animal
DOMESTICTERRORWEB.adj,zhou2005us,30,43,covert
dorograph.adj,gordon1981construction,68,408,graph
doublestarsnark.adj,isaacs1975infinite,30,45,graph
doylegraph.adj,doyle1976transitive,27,54,graph
drugspider_chloralhydrate.adj,PhysRevResearch.2.033426,52,64,other
duerergraph.adj,https://mathworld.wolfram.com/DuererGraph.html,12,18,graph
dwt_66.adj,UFSMC,66,127,abstract
dwt_72.adj,UFSMC,72,75,abstract
dwt_87.adj,UFSMC,87,227,abstract
dyck.adj,dyck1880ueber,32,48,graph
e1.adj,https://github.com/pholme/constellations,79,110,art
e2.adj,https://github.com/pholme/constellations,92,132,art
e3.adj,https://github.com/pholme/constellations,65,89,art
earth_moon_mars.adj,ishimatsu2016generalized,16,57,transport
east_europe_rr.adj,harris1955fundamentals,45,91,transport
edgeexcisedcoxetergraph.adj,https://mathworld.wolfram.com/CoxeterGraph.html,26,39,graph
eies_NUMBER_OF_MESSAGES.adj,freeman1980semi,32,266,social
eies_TIME_1.adj,freeman1980semi,32,385,social
eies_TIME_2.adj,freeman1980semi,32,430,social
ellinghamhortongraph78.adj,ellingham1983non,78,117,graph
erreragraph.adj,errera1921coloriage,17,45,graph
Everglades.adj,everglades,69,880,eco
exooismailescugraph17.adj,exoo2016small,17,31,graph
exooismailescugraph21core.adj,exoo2016small,11,18,graph
f1.adj,https://github.com/pholme/constellations,88,117,art
f2.adj,https://github.com/pholme/constellations,89,121,art
f26a.adj,https://mathworld.wolfram.com/CubicSymmetricGraph.html,26,39,graph
FAMILYTIE_FIG3.adj,http://www.orgnet.com/slumlords.html,11,16,covert
farmer.adj,rahmawaty2016influence,80,77,social
faulkneryoungergraph44.adj,faulkner1974non,44,66,graph
ffe_WHO_ARE_YOUR_FRIENDS.adj,vandebunt1999friendship,28,66,social
ffe_WHO_INFLUENCES_YOU.adj,vandebunt1999friendship,27,88,social
ffe_WHO_IS_IN_THE_ELITE.adj,vandebunt1999friendship,28,250,social
fifth_.adj,ucinet,22,74,social
finland.adj,singh2020janes,97,107,social
flagstaff.adj,morris2011hiv,86,311,social
flowersnarkj5.adj,isaacs1975infinite,20,30,graph
Flying_teams_neg.adj,reader,48,125,social
Flying_teams_pos.adj,reader,48,170,social
folkmangraph.adj,folkman1967regular,20,40,graph
foster.adj,foster1932geometrical,90,135,graph
foster050a.adj,foster1932geometrical,50,75,graph
foster056a.adj,foster1932geometrical,56,84,graph
foster056b.adj,foster1932geometrical,56,84,graph
foster056c.adj,foster1932geometrical,56,84,graph
foster062a.adj,foster1932geometrical,62,93,graph
foster072a.adj,foster1932geometrical,72,108,graph
foster074a.adj,foster1932geometrical,74,111,graph
foster078a.adj,foster1932geometrical,78,117,graph
foster080a.adj,foster1932geometrical,80,120,graph
foster086a.adj,foster1932geometrical,86,129,graph
foster096a.adj,foster1932geometrical,96,144,graph
foster096b.adj,foster1932geometrical,96,144,graph
foster098a.adj,foster1932geometrical,98,147,graph
foster098b.adj,foster1932geometrical,98,147,graph
fostercage.adj,meringer,30,75,graph
fourth_.adj,ucinet,24,109,social
franklingraph.adj,franklin1934six,12,18,graph
frozen.adj,holme2019who,52,43,social
frucht.adj,frucht1939herstellung,12,18,graph
FULLFAMILY_FIG4.adj,http://www.orgnet.com/slumlords.html,14,17,covert
g4.adj,https://github.com/pholme/constellations,37,36,art
galesburg.adj,pajek,17,27,social
galesburg2_discussion.adj,pajek,31,67,social
galesburg2_friends.adj,pajek,31,63,social
gallery12.adj,gallery,100,125,social
gallery18.adj,gallery,98,143,social
gallery20.adj,gallery,95,122,social
gallery30.adj,gallery,79,107,social
gallery38.adj,gallery,89,112,social
game_of_thrones.adj,beveridge2016network,79,118,social
gandg_greeting.adj,ucinet,10,34,social
gandg_grooming.adj,ucinet,10,40,social
GD02_b.adj,UFSMC,80,232,abstract
GD96_c.adj,UFSMC,65,125,abstract
GD97_a.adj,UFSMC,84,166,abstract
georgesgraph.adj,georges1989non,50,75,graph
gewirtzcone.adj,gewirtz1969graphs,57,336,graph
gewirtzgraph.adj,gewirtz1969graphs,56,280,graph
ghana.adj,singh2020janes,23,26,transport
GlossGT.adj,UFSMC,67,118,abstract
goldbergsnark5.adj,goldberg1981construction,40,60,graph
goldbergsnark7.adj,goldberg1981construction,56,84,graph
goldnerhararygraph.adj,goldner1975note,11,27,graph
golombgraph.adj,soifer2008mathematical,10,18,graph
gossetdistance2graph.adj,coxeter1951extreme,56,756,graph
gossetgraph.adj,coxeter1951extreme,56,756,graph
grape.adj,raimondi2020dna,54,80,other
gray.adj,bouwer1968edge,54,81,graph
greatrhombicuboctahedralgraph.adj,https://en.wikipedia.org/wiki/Polyhedron,48,72,graph
greatrhombicuboctahedrallinegraph.adj,https://en.wikipedia.org/wiki/Polyhedron,72,144,graph
greece.adj,singh2020janes,51,51,transport
grinberggraph42.adj,grinberg1968plane,42,63,graph
grinberggraph44.adj,grinberg1968plane,44,66,graph
grinberggraph46.adj,grinberg1968plane,46,69,graph
groetzschgraph.adj,grinberg1968plane,11,20,graph
GTNP13-01.adj,unknown_animal_vocalizations,12,14,vocal
GTNP13-02.adj,unknown_animal_vocalizations,28,62,vocal
GTNP13-03.adj,unknown_animal_vocalizations,28,53,vocal
GTNP13-04.adj,unknown_animal_vocalizations,26,44,vocal
GTNP13-05.adj,unknown_animal_vocalizations,20,26,vocal
GTNP13-06.adj,unknown_animal_vocalizations,8,9,vocal
GTNP13-07.adj,unknown_animal_vocalizations,24,45,vocal
GTNP13-09.adj,unknown_animal_vocalizations,25,39,vocal
GTNP13-100.adj,unknown_animal_vocalizations,24,47,vocal
GTNP13-104.adj,unknown_animal_vocalizations,13,14,vocal
GTNP13-105.adj,unknown_animal_vocalizations,17,19,vocal
GTNP13-106.adj,unknown_animal_vocalizations,10,11,vocal
GTNP13-119.adj,unknown_animal_vocalizations,21,38,vocal
GTNP13-121.adj,unknown_animal_vocalizations,34,75,vocal
GTNP13-16.adj,unknown_animal_vocalizations,27,38,vocal
GTNP13-21.adj,unknown_animal_vocalizations,22,37,vocal
GTNP13-22.adj,unknown_animal_vocalizations,12,17,vocal
GTNP13-23.adj,unknown_animal_vocalizations,13,18,vocal
GTNP13-24.adj,unknown_animal_vocalizations,24,41,vocal
GTNP13-25.adj,unknown_animal_vocalizations,27,70,vocal
GTNP13-26.adj,unknown_animal_vocalizations,19,30,vocal
GTNP13-34.adj,unknown_animal_vocalizations,28,59,vocal
GTNP13-35.adj,unknown_animal_vocalizations,24,59,vocal
GTNP13-36.adj,unknown_animal_vocalizations,29,47,vocal
GTNP13-37.adj,unknown_animal_vocalizations,26,58,vocal
GTNP13-38.adj,unknown_animal_vocalizations,29,68,vocal
GTNP13-39.adj,unknown_animal_vocalizations,20,38,vocal
GTNP13-41.adj,unknown_animal_vocalizations,13,15,vocal
GTNP13-42.adj,unknown_animal_vocalizations,25,38,vocal
GTNP13-43.adj,unknown_animal_vocalizations,24,35,vocal
GTNP13-45.adj,unknown_animal_vocalizations,23,40,vocal
GTNP13-46.adj,unknown_animal_vocalizations,13,13,vocal
GTNP13-69.adj,unknown_animal_vocalizations,22,42,vocal
GTNP13-70.adj,unknown_animal_vocalizations,18,22,vocal
GTNP13-72.adj,unknown_animal_vocalizations,26,53,vocal
GTNP13-99.adj,unknown_animal_vocalizations,13,21,vocal
guppy_hasenjager_familiar_1.adj,sah2019multi,6,7,animal
guppy_hasenjager_familiar_10.adj,sah2019multi,6,8,animal
guppy_hasenjager_familiar_2.adj,sah2019multi,6,8,animal
guppy_hasenjager_familiar_4.adj,sah2019multi,6,8,animal
guppy_hasenjager_familiar_5.adj,sah2019multi,6,8,animal
guppy_hasenjager_familiar_6.adj,sah2019multi,6,8,animal
guppy_hasenjager_familiar_7.adj,sah2019multi,6,8,animal
guppy_hasenjager_familiar_8.adj,sah2019multi,6,8,animal
guppy_hasenjager_familiar_9.adj,sah2019multi,6,7,animal
h1.adj,https://github.com/pholme/constellations,48,41,art
h3.adj,https://github.com/pholme/constellations,74,114,art
hailfinder.adj,scutari2021bayesian,56,66,graph
hallgraph.adj,hall1980locally,65,325,graph
halljankograph.adj,hall1968simple,100,1800,graph
halvedfostergraph.adj,foster1932geometrical,45,135,graph
HAMBURG_1985_1989.adj,johnjay,6,7,covert
HAMBURG_1990_1994.adj,johnjay,13,14,covert
HAMBURG_1995.adj,johnjay,17,24,covert
HAMBURG_1996.adj,johnjay,22,42,covert
HAMBURG_1997.adj,johnjay,30,66,covert
HAMBURG_1998.adj,johnjay,29,88,covert
HAMBURG_1999.adj,johnjay,28,79,covert
HAMBURG_2000_1.adj,johnjay,25,65,covert
HAMBURG_2000_2.adj,johnjay,24,57,covert
HAMBURG_2001_1.adj,johnjay,24,57,covert
HAMBURG_2001_2.adj,johnjay,23,54,covert
HAMBURG_2002_1.adj,johnjay,12,11,covert
HAMBURG_2002_2.adj,johnjay,12,11,covert
harborthgraph.adj,harborth1994match,52,104,graph
harries_wong.adj,wong1982cages,70,105,graph
harries.adj,wong1982cages,70,105,graph
harriesgraph.adj,wong1982cages,70,105,graph
harrieswonggraph.adj,wong1982cages,70,105,graph
hatzelgraph.adj,hatzel1979planar,57,88,graph
heawood.adj,https://mathworld.wolfram.com/HeawoodGraph.html,14,21,graph
heawoodfourcolorgraph.adj,gethner2003how,25,69,graph
helsinki_rail.adj,Kujala2018,75,101,transport
helsinki_subway.adj,Kujala2018,19,20,transport
hepar2.adj,scutari2021bayesian,70,123,abstract
HEROIN_DEALING.adj,natarajan2006understanding,38,83,covert
herschelgraph.adj,herschel1862sir,11,18,graph
hexacodegraph.adj,https://mathworld.wolfram.com/HexacodeGraph.html,36,108,graph
hi_tech.adj,pajek,36,91,social
highschl_TIME_1.adj,ucinet,72,181,social
highschl_TIME_2.adj,ucinet,72,202,social
higmansimsgraph.adj,higman1968simple,100,1100,graph
hiv.adj,AUERBACH1984487,40,41,social
hochbergodonnellfishgraph.adj,odonnell1995forty,23,42,graph
hochbergodonnellstargraph.adj,odonnell1995forty,45,85,graph
hoffmangraph.adj,hoffman1963polynomial,16,32,graph
hoffmansingletonbipartitedoublegraph.adj,benson1971graph,100,350,graph
hoffmansingletoncocliquesgraph.adj,benson1971graph,100,750,graph
hoffmansingletoncomplementgraph.adj,benson1971graph,50,1050,graph
hoffmansingletongraph.adj,benson1971graph,50,175,graph
hoffmansingletonminusstargraph.adj,benson1971graph,42,126,graph
hortongraph92.adj,horton1982two,92,138,graph
i1.adj,https://github.com/pholme/constellations,35,42,art
i2.adj,https://github.com/pholme/constellations,76,97,art
i3.adj,https://github.com/pholme/constellations,38,32,art
iceland.adj,haraldsdottir1992preliminary,75,114,social
icosahedral.adj,https://en.wikipedia.org/wiki/Polyhedron,12,30,graph
icosahedrallinegraph.adj,https://en.wikipedia.org/wiki/Polyhedron,30,120,graph
IG5-6.adj,UFSMC,70,251,abstract
insurance.adj,scutari2021bayesian,27,52,social
iran.adj,singh2020janes,54,64,transport
iraq.adj,singh2020janes,15,15,transport
ireland.adj,singh2020janes,47,52,transport
IS_BBC_61_IS_BBC-FRIENDS.adj,bbc2014uk,20,12,covert
IS_BBC_61_IS_BBC-LINKS.adj,bbc2014uk,15,15,covert
ITALIAN_GANGS.adj,ucinet,67,114,covert
j1.adj,https://github.com/pholme/constellations,91,90,art
j2.adj,https://github.com/pholme/constellations,29,33,art
j3.adj,https://github.com/pholme/constellations,41,59,art
j4.adj,https://github.com/pholme/constellations,60,70,art
JAKARTA_NORDIN_KINSHIP.adj,johnjay,24,31,covert
JAKARTA_NORDIN_OPERATION_ID.adj,johnjay,28,36,covert
JAKARTA_NORDIN_POST-ATTACK.adj,johnjay,10,7,covert
JAKARTA_NORDIN_PRE-ATTACK.adj,johnjay,28,36,covert
JI_KOSCHADE.adj,johnjay,17,63,covert
jpr_.adj,ucinet,92,477,social
k1.adj,https://github.com/pholme/constellations,36,64,art
k2.adj,https://github.com/pholme/constellations,39,46,art
k3.adj,https://github.com/pholme/constellations,41,43,art
k4.adj,https://github.com/pholme/constellations,67,86,art
kapmine_KAPFMM.adj,ucinet,14,19,social
kapmine_KAPFMU.adj,ucinet,15,25,social
kaptail_KAPFTI1.adj,ucinet,38,76,social
kaptail_KAPFTI2.adj,ucinet,38,95,social
kaptail_KAPFTS1.adj,ucinet,39,158,social
kaptail_KAPFTS2.adj,ucinet,39,223,social
karate.adj,zachary,34,78,social
KAZAKHSTAN.adj,singh2020janes,61,67,transport
kittellgraph.adj,kittell1935group,23,63,graph
korea_north.adj,singh2020janes,69,85,transport
korea_south.adj,singh2020janes,55,73,transport
korea1.adj,rogers1981communication,38,69,social
korea2.adj,rogers1981communication,38,84,social
kosovo.adj,singh2020janes,75,90,transport
krackfr_ACTO#10.adj,krackhardt,20,28,social
krackfr_ACTO#18.adj,krackhardt,20,14,social
krackfr_ACTOR#1.adj,krackhardt,20,36,social
krackfr_ACTOR#11.adj,krackhardt,20,49,social
krackfr_ACTOR#12.adj,krackhardt,20,18,social
krackfr_ACTOR#13.adj,krackhardt,21,25,social
krackfr_ACTOR#14.adj,krackhardt,20,38,social
krackfr_ACTOR#15.adj,krackhardt,20,20,social
krackfr_ACTOR#16.adj,krackhardt,20,20,social
krackfr_ACTOR#17.adj,krackhardt,20,30,social
krackfr_ACTOR#19.adj,krackhardt,20,51,social
krackfr_ACTOR#2.adj,krackhardt,20,14,social
krackfr_ACTOR#20.adj,krackhardt,20,8,social
krackfr_ACTOR#21.adj,krackhardt,20,31,social
krackfr_ACTOR#3.adj,krackhardt,20,5,social
krackfr_ACTOR#4.adj,krackhardt,20,25,social
krackfr_ACTOR#5.adj,krackhardt,20,49,social
krackfr_ACTOR#6.adj,krackhardt,20,20,social
krackfr_ACTOR#7.adj,krackhardt,20,61,social
krackfr_ACTOR#8.adj,krackhardt,20,4,social
krackfr_ACTOR#9.adj,krackhardt,20,4,social
krackhardt_kite.adj,krackhardt1990assessing,10,18,abstract
krackht_ADVICE.adj,krackhardt,21,145,social
krackht_FRIENDSHIP.adj,krackhardt,21,79,social
krackht_REPORTS_TO.adj,krackhardt,21,20,social
kummergraph.adj,coxeter1950self,32,96,graph
l1.adj,https://github.com/pholme/constellations,18,17,art
l3.adj,https://github.com/pholme/constellations,87,118,art
l4.adj,https://github.com/pholme/constellations,21,20,art
latora_kindergarden.adj,latora_book,16,39,social
latvia.adj,singh2020janes,30,34,transport
lazega_ADVICE.adj,lazega2001collegial,71,717,social
lazega_CO-WORK.adj,lazega2001collegial,71,726,social
lazega_FRIENDSHIP.adj,lazega2001collegial,70,399,social
levi_strauss_myth1.adj,levi-strauss1969raw,27,35,other
lisbon_rail.adj,Kujala2018,65,68,transport
lisbon_subway.adj,Kujala2018,50,52,transport
literature_1976.adj,ucinet,35,80,social
lithuania.adj,singh2020janes,41,45,transport
LONDON_GANG.adj,grund2015ethnic,54,315,covert
loupekinessnark1.adj,loupekine1995approaches,22,33,graph
loupekinessnark2.adj,loupekine1995approaches,22,33,graph
lp_kb2.adj,UFSMC,68,294,abstract
lp_sc50a.adj,UFSMC,78,155,abstract
lp_sc50b.adj,UFSMC,78,143,abstract
lpi_woodinfe.adj,UFSMC,89,138,abstract
lrock.adj,martinez1991artifacts,92,960,eco
luxembourg_rail.adj,Kujala2018,43,56,transport
luxembourg.adj,singh2020janes,23,24,transport
m2.adj,https://github.com/pholme/constellations,29,34,art
m22graph.adj,brouwer1983uniqueness,77,616,graph
m3.adj,https://github.com/pholme/constellations,21,22,art
MADOFF.adj,krebs2009madoff,45,41,covert
madrid_terrorist.adj,hayes2006connecting,64,243,covert
MALI.adj,walther2015islamic,36,67,covert
markstroemgraph.adj,markstrom2004extremal,24,36,graph
Maspalomas.adj,almunia1999benthic,24,77,eco
mcgee.adj,mcgee1960minimal,24,36,graph
meredithgraph.adj,meredith1973regular,70,140,graph
mexican_power.adj,gil-mendieta1996political,35,117,other
Michigan.adj,morris2011hiv,39,209,social
mildew.adj,scutari2021bayesian,35,46,abstract
modmath.adj,carlson1965adoption,34,61,social
moebius_kantor.adj,bryant2014vertex,16,24,graph
moldova.adj,singh2020janes,29,30,transport
Mondego.adj,pajek,46,358,eco
MONTREALGANG.adj,escormiers2011alliances,33,77,covert
moreno_1st.adj,UFSMC,9,13,abstract
morrissey_godparent.adj,morrissey2015archives,43,44,social
mouse_visual_cortex1.adj,bock2011network,29,44,other
myanmar.adj,singh2020janes,43,55,transport
n1.adj,https://github.com/pholme/constellations,65,89,art
n3.adj,https://github.com/pholme/constellations,62,90,art
N34_1.adj,houtzager1999just,34,54,covert
N34_10.adj,houtzager1999just,28,26,covert
N34_11.adj,houtzager1999just,54,53,covert
N34_13.adj,houtzager1999just,16,16,covert
N34_14.adj,houtzager1999just,68,95,covert
N34_15.adj,houtzager1999just,38,40,covert
N34_16.adj,houtzager1999just,33,34,covert
N34_18.adj,houtzager1999just,28,31,covert
N34_19.adj,houtzager1999just,31,39,covert
N34_20.adj,houtzager1999just,29,23,covert
N34_21.adj,houtzager1999just,38,43,covert
N34_22.adj,houtzager1999just,40,42,covert
N34_23.adj,houtzager1999just,53,69,covert
N34_3.adj,houtzager1999just,26,19,covert
N34_4.adj,houtzager1999just,23,21,covert
N34_6.adj,houtzager1999just,24,27,covert
N34_7.adj,houtzager1999just,44,62,covert
N34_8.adj,houtzager1999just,65,90,covert
N34_9.adj,houtzager1999just,38,48,covert
n4.adj,https://github.com/pholme/constellations,56,53,art
Narragan.adj,monaco1997comparative,35,204,eco
nauru.adj,sole2004large,24,36,chem
net_Io.adj,sole2004large,30,138,chem
net_Jupiter_HC_noM.adj,sole2004large,40,271,chem
net_Mars.adj,sole2004large,32,161,chem
net_Titan_Toublanc.adj,sole2004large,69,386,chem
net_Titan.adj,sole2004large,54,293,chem
net_Venus.adj,sole2004large,43,204,chem
nonuniquelythreecolorablegraph1.adj,CHAO199321,12,22,graph
nonuniquelythreecolorablegraph2.adj,CHAO199321,12,20,graph
NOORDINTOP_BUSINESS_FINANCE.adj,ucinet,13,15,social
NOORDINTOP_CLASSMATES.adj,ucinet,39,175,social
NOORDINTOP_COMMUNICATIONS.adj,ucinet,74,200,social
NOORDINTOP_FRIENDSHIP.adj,ucinet,61,91,social
NOORDINTOP_KINSHIP.adj,ucinet,24,16,social
NOORDINTOP_LOGISTICS.adj,ucinet,16,29,social
NOORDINTOP_MEETINGS.adj,ucinet,26,63,social
NOORDINTOP_OPERATIONS.adj,ucinet,39,267,social
NOORDINTOP_SOULMATES.adj,ucinet,9,11,social
NOORDINTOP_TRAININGEVENTS.adj,ucinet,38,147,social
norway.adj,singh2020janes,43,45,transport
nos4.adj,UFSMC,100,247,abstract
nuclear.adj,Famiano_2002,47,91,chem
octahedral.adj,https://en.wikipedia.org/wiki/Polyhedron,6,12,graph
octahedrallinegraph.adj,https://en.wikipedia.org/wiki/Polyhedron,12,36,graph
odonnellgraph40.adj,odonnell1994triangle,40,80,graph
olm100.adj,UFSMC,100,197,abstract
ox_kids_.adj,ucinet,18,28,social
padgett_PADGB.adj,ucinet,15,15,social
padgett_PADGM.adj,ucinet,15,20,social
PAKISTAN.adj,singh2020janes,78,97,transport
pappus.adj,frucht1977canonical,18,27,graph
paschgraph.adj,https://mathworld.wolfram.com/PaschGraph.html,10,12,graph
pdist.adj,https://www.math.wm.edu/~leemis/chart/UDR/UDR.html,76,96,other
pentagonalhexecontahedralgraph.adj,https://en.wikipedia.org/wiki/Polyhedron,92,150,graph
pentakisdodecahedralgraph.adj,https://en.wikipedia.org/wiki/Polyhedron,32,90,graph
perkelgraph.adj,perkel1979bounding,57,171,graph
petersen.adj,https://mathworld.wolfram.com/PetersenGraph.html,10,15,graph
petersencone.adj,https://mathworld.wolfram.com/PetersenGraph.html,11,25,graph
PHILBOMB_2000_1985_1989.adj,johnjay,11,19,covert
PHILBOMB_2000_1990_1994.adj,johnjay,14,36,covert
PHILBOMB_2000_1995_1999.adj,johnjay,15,49,covert
PHILBOMB_2000_2000.adj,johnjay,16,69,covert
PHILBOMB_2000_2001.adj,johnjay,16,69,covert
PHILBOMB_2000_2002.adj,johnjay,14,50,covert
PHILBOMB_2000_2003.adj,johnjay,8,13,covert
pitts.adj,pitts,40,52,transport
pony_.adj,ucinet,17,129,social
portugal.adj,singh2020janes,73,79,transport
poussingraph.adj,gethner2003how,15,39,graph
prison.adj,macrae1960direct,62,85,social
propane.adj,https://en.wikipedia.org/wiki/Propane,11,10,other
refine.adj,UFSMC,62,124,abstract
rennes_subway.adj,Kujala2018,29,28,transport
reyelinegraph.adj,https://mathworld.wolfram.com/ReyeConfiguration.html,28,48,graph
Rhode.adj,pajek,19,45,eco
rhombictriacontahedralgraph.adj,https://mathworld.wolfram.com/RhombicTriacontahedralGraph.html,32,60,graph
robertsongraph.adj,robertson1964smallest,19,38,graph
rollingcubegraph.adj,https://mathworld.wolfram.com/RollingPolyhedronGraph.html,24,48,graph
rt-retweet.adj,UFSMC,96,117,abstract
s50_1.adj,michell1997girls,49,74,social
s50_2.adj,michell1997girls,50,81,social
s50_3.adj,michell1997girls,50,77,social
sachs.adj,scutari2021bayesian,11,17,abstract
sampson_SAMNPR.adj,sampson1968novitiate,17,35,social
sampson_SAMPDES.adj,sampson1968novitiate,17,49,social
sampson_SAMPDLK.adj,sampson1968novitiate,17,38,social
sampson_SAMPES.adj,sampson1968novitiate,18,45,social
sampson_SAMPIN.adj,sampson1968novitiate,18,41,social
sampson_SAMPLK1.adj,sampson1968novitiate,18,41,social
sampson_SAMPLK2.adj,sampson1968novitiate,18,42,social
sampson_SAMPLK3.adj,sampson1968novitiate,18,41,social
sampson_SAMPNIN.adj,sampson1968novitiate,18,43,social
sampson_SAMPPR.adj,sampson1968novitiate,18,32,social
Sandi_authors.adj,pajek,86,124,social
sanjuansur_death.adj,pajek,75,144,social
sanjuansur.adj,pajek,75,155,social
sawmill.adj,michael1997modeling,36,62,social
SAXENA_TERROR_2001.adj,saxena2004application,25,56,covert
SAXENA_TERROR_2002.adj,saxena2004application,23,42,covert
SAXENA_TERROR_2003.adj,saxena2004application,15,19,covert
schlaeflidoublesixesgraph.adj,bussemaker1992exceptional,42,60,graph
schlaefligraph.adj,bussemaker1992exceptional,27,216,graph
sedgewick_maze.adj,UFSMC,8,10,abstract
SERBIA_and_MONTENEGRO.adj,singh2020janes,80,96,transport
seventh_best_friends.adj,vickers,29,126,social
seventh_get_on_with.adj,vickers,29,240,social
seventh_work_with.adj,vickers,29,152,social
shrikhandegraph.adj,shrikhande1959uniqueness,16,48,graph
SIREN.adj,morselli2009inside,44,103,covert
slovakia.adj,singh2020janes,83,107,transport
slovenia.adj,singh2020janes,45,46,transport
smallest_zero_symmetric.adj,coxeter1981zero,18,27,graph
smallrhombicosidodecahedralgraph.adj,https://en.wikipedia.org/wiki/Polyhedron,60,120,graph
smallrhombicuboctahedralgraph.adj,https://en.wikipedia.org/wiki/Polyhedron,24,48,graph
SMMJAN13TRK1.adj,unknown_animal_vocalizations,18,51,vocal
SMMJAN13TRK10.adj,unknown_animal_vocalizations,14,27,vocal
SMMJAN13TRK6.adj,unknown_animal_vocalizations,16,25,vocal
SMMJAN13TRK8.adj,unknown_animal_vocalizations,9,9,vocal
SMMJAN13TRK9.adj,unknown_animal_vocalizations,26,66,vocal
snubcubicallinegraph.adj,https://en.wikipedia.org/wiki/Polyhedron,60,240,graph
snubdodecahedralgraph.adj,https://en.wikipedia.org/wiki/Polyhedron,60,150,graph
social_weaver_0.adj,sah2019multi,18,28,animal
social_weaver_1.adj,sah2019multi,7,12,animal
social_weaver_10.adj,sah2019multi,16,21,animal
social_weaver_11.adj,sah2019multi,42,113,animal
social_weaver_12.adj,sah2019multi,39,124,animal
social_weaver_13.adj,sah2019multi,31,117,animal
social_weaver_14.adj,sah2019multi,11,38,animal
social_weaver_15.adj,sah2019multi,23,43,animal
social_weaver_16.adj,sah2019multi,64,177,animal
social_weaver_17.adj,sah2019multi,6,9,animal
social_weaver_18.adj,sah2019multi,6,11,animal
social_weaver_19.adj,sah2019multi,18,80,animal
social_weaver_2.adj,sah2019multi,5,10,animal
social_weaver_20.adj,sah2019multi,14,62,animal
social_weaver_21.adj,sah2019multi,15,64,animal
social_weaver_22.adj,sah2019multi,24,62,animal
social_weaver_3.adj,sah2019multi,42,152,animal
social_weaver_4.adj,sah2019multi,18,27,animal
social_weaver_5.adj,sah2019multi,13,19,animal
social_weaver_6.adj,sah2019multi,19,64,animal
social_weaver_7.adj,sah2019multi,9,10,animal
social_weaver_8.adj,sah2019multi,34,147,animal
social_weaver_9.adj,sah2019multi,12,36,animal
sociologists.adj,ucinet,28,31,social
sousseliergraph.adj,ousselier1963probleme,16,27,graph
sphere2.adj,UFSMC,66,192,abstract
starpolyiamondgraph.adj,https://en.wikipedia.org/wiki/Polyiamond,13,24,graph
stickleback_atton_group_1.adj,sah2019multi,9,13,animal
stickleback_atton_group_2.adj,sah2019multi,10,14,animal
stickleback_atton_group_3.adj,sah2019multi,9,12,animal
stickleback_atton_group_4.adj,sah2019multi,10,12,animal
stickleback_atton_group_5.adj,sah2019multi,10,13,animal
stickleback_atton_group_6.adj,sah2019multi,10,12,animal
stickleback_atton_group_7.adj,sah2019multi,9,13,animal
StMarks.adj,bair:bay,54,350,eco
strike.adj,michael1997labor,24,38,social
student_government.adj,pajek,11,32,social
suetakegraph.adj,suetake2005classification,72,432,graph
swedish_.adj,rosengren1968sociological,15,17,social
SWINGERS.adj,ucinet,29,47,social
sydney_ferry.adj,Kujala2018,81,146,transport
sydney_tram.adj,Kujala2018,44,44,transport
sylvestergraph.adj,brouwer1989distance,36,90,graph
szcid_.adj,ucinet,15,60,social
szekeressnark.adj,szekeres1973polyhedral,50,75,graph
taro.adj,schwimmer1973exchange,22,39,graph
test_disconnected.adj,test,8,7,abstract
tetrahedronreplacedpetersenlinegraph.adj,https://en.wikipedia.org/wiki/Polyhedron,60,120,graph
third_.adj,ucinet,22,124,social
thomassengraph20.adj,thomassen1974on,20,33,graph
thomassengraph32.adj,thomassen1974on,32,53,graph
thomassengraph34.adj,thomassen1974hypohamiltonian,34,52,graph
thomassengraph41.adj,thomassen1976planar,41,64,graph
thomassengraph60.adj,thomassen1974on,60,99,graph
thomassengraph94.adj,thomassen1981planar,94,141,graph
Thornbill_Farine.adj,sah2019multi,37,55,animal
tietzegraph.adj,clark1983smallest,12,18,graph
tilleygraph.adj,tilley2018using,12,29,graph
TOGO.adj,morselli2009inside,34,47,covert
tokstoy_rr.adj,tolstoi1930methods,30,30,transport
tortoise_sah_network_BSV_aggregate_year_1996_season_active.adj,sah2019multi,74,7,animal
tortoise_sah_network_CS_aggregate_year_2006_season_active.adj,sah2019multi,14,7,animal
tortoise_sah_network_CS_aggregate_year_2007_season_active.adj,sah2019multi,25,35,animal
tortoise_sah_network_CS_aggregate_year_2008_season_active.adj,sah2019multi,24,35,animal
tortoise_sah_network_CS_aggregate_year_2009_season_active.adj,sah2019multi,25,27,animal
tortoise_sah_network_CS_aggregate_year_2010_season_active.adj,sah2019multi,28,38,animal
tortoise_sah_network_CS_aggregate_year_2011_season_active.adj,sah2019multi,31,14,animal
tortoise_sah_network_CS_aggregate_year_2011_season_inactive.adj,sah2019multi,31,8,animal
tortoise_sah_network_CS_aggregate_year_2012_season_active.adj,sah2019multi,38,20,animal
tortoise_sah_network_CS_aggregate_year_2013_season_active.adj,sah2019multi,38,16,animal
tortoise_sah_network_CS_aggregate_year_2013_season_inactive.adj,sah2019multi,33,6,animal
tortoise_sah_network_CS_aggregate_year_2015_season_active.adj,sah2019multi,70,10,animal
tortoise_sah_network_HW_aggregate_year_2009_season_active.adj,sah2019multi,21,9,animal
tortoise_sah_network_HW_aggregate_year_2011_season_active.adj,sah2019multi,18,6,animal
tortoise_sah_network_HW_aggregate_year_2012_season_active.adj,sah2019multi,16,7,animal
tortoise_sah_network_LM_aggregate_year_1998_season_active.adj,sah2019multi,51,89,animal
tortoise_sah_network_LM_aggregate_year_1998_season_inactive.adj,sah2019multi,48,11,animal
tortoise_sah_network_LM_aggregate_year_1999_season_active.adj,sah2019multi,44,34,animal
tortoise_sah_network_MC_aggregate_year_2012_season_active.adj,sah2019multi,24,25,animal
tortoise_sah_network_MC_aggregate_year_2013_season_active.adj,sah2019multi,21,20,animal
tortoise_sah_network_PV_aggregate_year_2005_season_active.adj,sah2019multi,20,13,animal
tortoise_sah_network_PV_aggregate_year_2008_season_active.adj,sah2019multi,35,11,animal
tortoise_sah_network_PV_aggregate_year_2009_season_active.adj,sah2019multi,17,5,animal
tortoise_sah_network_PV_aggregate_year_2010_season_active.adj,sah2019multi,20,21,animal
tortoise_sah_network_PV_aggregate_year_2011_season_active.adj,sah2019multi,24,12,animal
tortoise_sah_network_PV_aggregate_year_2012_season_active.adj,sah2019multi,23,26,animal
tortoise_sah_network_PV_aggregate_year_2013_season_active.adj,sah2019multi,23,16,animal
tortoise_sah_network_SG_aggregate_year_1999_season_active.adj,sah2019multi,32,23,animal
tortoise_sah_network_SG_aggregate_year_2000_season_active.adj,sah2019multi,24,6,animal
tortoise_sah_network_SL_aggregate_year_2012_season_active.adj,sah2019multi,11,5,animal
tortoise_sah_network_SL_aggregate_year_2013_season_active.adj,sah2019multi,15,13,animal
toulouse_subway.adj,Kujala2018,40,38,transport
toulouse_tram.adj,Kujala2018,52,53,transport
trade_CRUDE_MATERIALS.adj,ucinet,24,195,social
trade_DIPLOMATIC_EXCHANGE.adj,ucinet,24,199,social
trade_FOODS.adj,ucinet,24,201,social
trade_MANUFACTURED_GOODS.adj,ucinet,24,195,social
trade_MINERALS.adj,ucinet,24,97,social
traficking.adj,mancuso2014not,86,107,covert
triakisicosahedralgraph.adj,https://en.wikipedia.org/wiki/Triakis_icosahedron,32,90,graph
trianglereplacedcoxetergraph.adj,https://en.wikipedia.org/wiki/Triakis_icosahedron,84,126,graph
TRK03-4-12.adj,unknown_animal_vocalizations,8,10,vocal
TRK06-2-12_Triple.adj,unknown_animal_vocalizations,15,29,vocal
TRK07-4-12.adj,unknown_animal_vocalizations,6,6,vocal
TRK08-12_Triple.adj,unknown_animal_vocalizations,9,15,vocal
TRK08-2-12_Triple.adj,unknown_animal_vocalizations,8,13,vocal
TRK08-4-12.adj,unknown_animal_vocalizations,16,42,vocal
TRK09-2-12_Triple.adj,unknown_animal_vocalizations,16,29,vocal
TRK09-4-12.adj,unknown_animal_vocalizations,17,30,vocal
TRK10-12_Triple.adj,unknown_animal_vocalizations,2,1,vocal
TRK10-2-12_Triple.adj,unknown_animal_vocalizations,18,31,vocal
TRK10-4-12.adj,unknown_animal_vocalizations,12,19,vocal
TRK11-12_Triple.adj,unknown_animal_vocalizations,19,28,vocal
TRK11-2-12_Triple.adj,unknown_animal_vocalizations,12,18,vocal
TRK12-12_Triple.adj,unknown_animal_vocalizations,13,21,vocal
TRK12-2-12_Triple.adj,unknown_animal_vocalizations,11,30,vocal
TRK13-12_Triple.adj,unknown_animal_vocalizations,7,9,vocal
TRK13-2-12_Triple.adj,unknown_animal_vocalizations,31,69,vocal
TRK14-12_Triple.adj,unknown_animal_vocalizations,12,23,vocal
TRK14-2-12_Triple.adj,unknown_animal_vocalizations,11,18,vocal
TRK14-4-12.adj,unknown_animal_vocalizations,8,7,vocal
TRK15a-12_Triple.adj,unknown_animal_vocalizations,12,20,vocal
TRK15a-2-12_Triple.adj,unknown_animal_vocalizations,13,15,vocal
TRK15b-2-12_Triple.adj,unknown_animal_vocalizations,13,17,vocal
TRK17-12_Triple.adj,unknown_animal_vocalizations,7,9,vocal
TRK17-2-12_Triple.adj,unknown_animal_vocalizations,24,60,vocal
TRK18-12_Triple.adj,unknown_animal_vocalizations,15,34,vocal
TRK18-2-12_Triple.adj,unknown_animal_vocalizations,22,32,vocal
TRK18-4-12.adj,unknown_animal_vocalizations,3,2,vocal
TRK19-12_Triple.adj,unknown_animal_vocalizations,17,40,vocal
TRK19-2-12_Triple.adj,unknown_animal_vocalizations,19,47,vocal
TRK19-4-12.adj,unknown_animal_vocalizations,13,19,vocal
TRK20-12_Triple.adj,unknown_animal_vocalizations,10,20,vocal
TRK21-12_Triple.adj,unknown_animal_vocalizations,15,18,vocal
TRK22-12_Triple.adj,unknown_animal_vocalizations,15,23,vocal
TRK22-4-12.adj,unknown_animal_vocalizations,28,59,vocal
TRK23-12_Triple.adj,unknown_animal_vocalizations,12,27,vocal
TRK23-2-12_Triple.adj,unknown_animal_vocalizations,25,91,vocal
TRK24-12_Triple.adj,unknown_animal_vocalizations,11,21,vocal
TRK24-2-12_Triple.adj,unknown_animal_vocalizations,21,57,vocal
TRK24-4-12.adj,unknown_animal_vocalizations,11,14,vocal
TRK25-12_Triple.adj,unknown_animal_vocalizations,12,27,vocal
TRK25-2-12_Triple.adj,unknown_animal_vocalizations,10,12,vocal
TRK26-12_Triple.adj,unknown_animal_vocalizations,28,64,vocal
TRK26-4-12.adj,unknown_animal_vocalizations,14,17,vocal
TRK27-12_Triple.adj,unknown_animal_vocalizations,12,20,vocal
TRK27-2-12_Triple.adj,unknown_animal_vocalizations,6,7,vocal
TRK27-4-12.adj,unknown_animal_vocalizations,11,22,vocal
TRK28-2-12_Triple.adj,unknown_animal_vocalizations,21,49,vocal
TRK29-2-12_Triple.adj,unknown_animal_vocalizations,14,17,vocal
TRK30-2-12_Triple.adj,unknown_animal_vocalizations,12,13,vocal
TRK30-4-12.adj,unknown_animal_vocalizations,13,39,vocal
TRK31-2-12_Triple.adj,unknown_animal_vocalizations,14,16,vocal
TRK34a-2-12_Triple.adj,unknown_animal_vocalizations,24,33,vocal
TRK34b-2-12_Triple.adj,unknown_animal_vocalizations,15,20,vocal
TRK35-2-12_Triple.adj,unknown_animal_vocalizations,5,5,vocal
TRK37-2-12_Triple.adj,unknown_animal_vocalizations,19,39,vocal
TRK38-2-12_Triple.adj,unknown_animal_vocalizations,7,8,vocal
TRK38.adj,unknown_animal_vocalizations,48,138,vocal
TRK39-2-12_Triple.adj,unknown_animal_vocalizations,6,10,vocal
TRK39a_042409.adj,unknown_animal_vocalizations,20,30,vocal
TRK39b_042409.adj,unknown_animal_vocalizations,35,43,vocal
TRK40-2-12_Triple.adj,unknown_animal_vocalizations,38,95,vocal
TRK43a_042509.adj,unknown_animal_vocalizations,26,36,vocal
TRK43b_042509.adj,unknown_animal_vocalizations,10,11,vocal
TRK47a_051209.adj,unknown_animal_vocalizations,41,59,vocal
TRK47b_051209.adj,unknown_animal_vocalizations,43,54,vocal
TRK50a_051209.adj,unknown_animal_vocalizations,56,69,vocal
TRK50b_051209.adj,unknown_animal_vocalizations,30,32,vocal
TRK51_051209.adj,unknown_animal_vocalizations,42,79,vocal
TRK57a_051409.adj,unknown_animal_vocalizations,35,49,vocal
TRK57b_051409.adj,unknown_animal_vocalizations,41,53,vocal
TRK60_051509.adj,unknown_animal_vocalizations,49,92,vocal
TRK64a_051909.adj,unknown_animal_vocalizations,34,47,vocal
TRK64b_051909.adj,unknown_animal_vocalizations,45,124,vocal
TRKa37-3-12.adj,unknown_animal_vocalizations,24,61,vocal
TRKa41-3-12.adj,unknown_animal_vocalizations,30,69,vocal
TRKa42-3-12.adj,unknown_animal_vocalizations,21,50,vocal
TRKa43-3-12.adj,unknown_animal_vocalizations,23,70,vocal
TRKa44-3-12.adj,unknown_animal_vocalizations,29,45,vocal
TRKa45-3-12.adj,unknown_animal_vocalizations,10,17,vocal
TRKa46-3-12.adj,unknown_animal_vocalizations,2,1,vocal
TRKa47-3-12.adj,unknown_animal_vocalizations,7,10,vocal
TRKa48-3-12.adj,unknown_animal_vocalizations,12,23,vocal
TRKa49-3-12.adj,unknown_animal_vocalizations,16,42,vocal
TRKa51a-3-12.adj,unknown_animal_vocalizations,23,38,vocal
TRKa51b-3-12.adj,unknown_animal_vocalizations,23,50,vocal
TRKa52-3-12.adj,unknown_animal_vocalizations,29,81,vocal
TRKa53-3-12.adj,unknown_animal_vocalizations,27,67,vocal
TRKa54-3-12.adj,unknown_animal_vocalizations,8,10,vocal
TRKb06-3-12.adj,unknown_animal_vocalizations,15,32,vocal
TRKb07-3-12.adj,unknown_animal_vocalizations,24,51,vocal
TRKb09-3-12.adj,unknown_animal_vocalizations,19,37,vocal
TRKb10-3-12.adj,unknown_animal_vocalizations,20,32,vocal
TRKb11-3-12.adj,unknown_animal_vocalizations,23,73,vocal
TRKb12-3-12.adj,unknown_animal_vocalizations,32,104,vocal
TRKb13a-3-12.adj,unknown_animal_vocalizations,14,14,vocal
TRKb13b-3-12.adj,unknown_animal_vocalizations,18,33,vocal
TRKb16-3-12.adj,unknown_animal_vocalizations,10,19,vocal
TRKb17-3-12.adj,unknown_animal_vocalizations,14,24,vocal
TRKb18-3-12.adj,unknown_animal_vocalizations,11,17,vocal
truncated_cubical.adj,UFSMC,24,36,graph
truncated_dodecahedral.adj,UFSMC,60,90,graph
truncated_octahedral.adj,UFSMC,24,36,graph
truncateddodecahedralgraph.adj,UFSMC,60,90,graph
truncateddodecahedrallinegraph.adj,UFSMC,90,180,graph
truncatedicosahedralgraph.adj,UFSMC,60,90,graph
truncatedicosahedrallinegraph.adj,UFSMC,90,180,graph
truncatedprismgraph.adj,UFSMC,18,27,graph
truncatedtetrahedralgraph.adj,UFSMC,12,18,graph
truncatedtetrahedrallinegraph.adj,UFSMC,18,36,graph
ts_.adj,ucinet,60,94,social
tub100.adj,UFSMC,100,148,abstract
tunisia.adj,singh2020janes,41,49,transport
turkmenistan.adj,singh2020janes,21,23,transport
tutte_coexter.adj,tutte1947family,30,45,graph
tutte.adj,tutte1946hamiltonian,46,69,graph
twooctahedra.adj,UFSMC,12,24,graph
uniquelythreecolorablegraph.adj,https://en.wikipedia.org/wiki/Generalized_Petersen_graph,12,22,graph
unweighted_social_dolphin_Lusseau.adj,lusseau2003bottlenose,62,159,animal
UNweighted_zebra_interaction.adj,sah2019multi,27,111,animal
usa.adj,singh2020janes,49,107,transport
uzbekistan.adj,singh2020janes,30,30,transport
venezuela.adj,singh2020janes,27,24,transport
venice_tram.adj,Kujala2018,70,72,transport
voles_begon_site_BHP_trapping_session_02.adj,sah2019multi,23,32,animal
voles_begon_site_BHP_trapping_session_03.adj,sah2019multi,19,17,animal
voles_begon_site_BHP_trapping_session_04.adj,sah2019multi,30,33,animal
voles_begon_site_BHP_trapping_session_05.adj,sah2019multi,40,59,animal
voles_begon_site_BHP_trapping_session_06.adj,sah2019multi,53,79,animal
voles_begon_site_BHP_trapping_session_07.adj,sah2019multi,43,50,animal
voles_begon_site_BHP_trapping_session_08.adj,sah2019multi,20,19,animal
voles_begon_site_BHP_trapping_session_09.adj,sah2019multi,31,44,animal
voles_begon_site_BHP_trapping_session_10.adj,sah2019multi,20,27,animal
voles_begon_site_BHP_trapping_session_11.adj,sah2019multi,38,54,animal
voles_begon_site_BHP_trapping_session_12.adj,sah2019multi,61,91,animal
voles_begon_site_BHP_trapping_session_13.adj,sah2019multi,83,124,animal
voles_begon_site_BHP_trapping_session_14.adj,sah2019multi,89,133,animal
voles_begon_site_BHP_trapping_session_15.adj,sah2019multi,27,28,animal
voles_begon_site_BHP_trapping_session_16.adj,sah2019multi,74,98,animal
voles_begon_site_BHP_trapping_session_17.adj,sah2019multi,77,103,animal
voles_begon_site_BHP_trapping_session_18.adj,sah2019multi,70,89,animal
voles_begon_site_BHP_trapping_session_19.adj,sah2019multi,39,35,animal
voles_begon_site_BHP_trapping_session_20.adj,sah2019multi,70,99,animal
voles_begon_site_BHP_trapping_session_21.adj,sah2019multi,82,121,animal
voles_begon_site_BHP_trapping_session_29.adj,sah2019multi,83,95,animal
voles_begon_site_BHP_trapping_session_30.adj,sah2019multi,59,73,animal
voles_begon_site_BHP_trapping_session_31.adj,sah2019multi,33,42,animal
voles_begon_site_BHP_trapping_session_32.adj,sah2019multi,19,24,animal
voles_begon_site_BHP_trapping_session_34.adj,sah2019multi,17,23,animal
voles_begon_site_BHP_trapping_session_35.adj,sah2019multi,20,23,animal
voles_begon_site_BHP_trapping_session_36.adj,sah2019multi,24,34,animal
voles_begon_site_BHP_trapping_session_37.adj,sah2019multi,14,13,animal
voles_begon_site_BHP_trapping_session_44.adj,sah2019multi,8,8,animal
voles_begon_site_BHP_trapping_session_45.adj,sah2019multi,32,47,animal
voles_begon_site_BHP_trapping_session_46.adj,sah2019multi,73,109,animal
voles_begon_site_BHP_trapping_session_47.adj,sah2019multi,64,95,animal
voles_begon_site_BHP_trapping_session_48.adj,sah2019multi,92,130,animal
voles_begon_site_BHP_trapping_session_49.adj,sah2019multi,67,100,animal
voles_begon_site_BHP_trapping_session_50.adj,sah2019multi,56,72,animal
voles_begon_site_BHP_trapping_session_51.adj,sah2019multi,47,54,animal
voles_begon_site_BHP_trapping_session_52.adj,sah2019multi,28,28,animal
voles_begon_site_BHP_trapping_session_53.adj,sah2019multi,16,19,animal
voles_begon_site_BHP_trapping_session_54.adj,sah2019multi,19,18,animal
voles_begon_site_BHP_trapping_session_55.adj,sah2019multi,50,72,animal
voles_begon_site_BHP_trapping_session_56.adj,sah2019multi,46,68,animal
voles_begon_site_BHP_trapping_session_57.adj,sah2019multi,51,76,animal
voles_begon_site_BHP_trapping_session_58.adj,sah2019multi,54,80,animal
voles_begon_site_BHP_trapping_session_59.adj,sah2019multi,76,113,animal
voles_begon_site_BHP_trapping_session_60.adj,sah2019multi,83,123,animal
voles_begon_site_BHP_trapping_session_61.adj,sah2019multi,76,101,animal
voles_begon_site_BHP_trapping_session_62.adj,sah2019multi,45,50,animal
voles_begon_site_BHP_trapping_session_63.adj,sah2019multi,26,22,animal
voles_begon_site_BHP_trapping_session_64.adj,sah2019multi,42,54,animal
voles_begon_site_KCS_trapping_session_01.adj,sah2019multi,17,17,animal
voles_begon_site_KCS_trapping_session_02.adj,sah2019multi,30,44,animal
voles_begon_site_KCS_trapping_session_03.adj,sah2019multi,15,15,animal
voles_begon_site_KCS_trapping_session_04.adj,sah2019multi,26,29,animal
voles_begon_site_KCS_trapping_session_05.adj,sah2019multi,40,59,animal
voles_begon_site_KCS_trapping_session_06.adj,sah2019multi,31,43,animal
voles_begon_site_KCS_trapping_session_07.adj,sah2019multi,41,57,animal
voles_begon_site_KCS_trapping_session_08.adj,sah2019multi,32,37,animal
voles_begon_site_KCS_trapping_session_09.adj,sah2019multi,25,25,animal
voles_begon_site_KCS_trapping_session_10.adj,sah2019multi,12,15,animal
voles_begon_site_KCS_trapping_session_11.adj,sah2019multi,12,12,animal
voles_begon_site_KCS_trapping_session_12.adj,sah2019multi,14,17,animal
voles_begon_site_KCS_trapping_session_13.adj,sah2019multi,31,43,animal
voles_begon_site_KCS_trapping_session_14.adj,sah2019multi,65,96,animal
voles_begon_site_KCS_trapping_session_15.adj,sah2019multi,62,80,animal
voles_begon_site_KCS_trapping_session_16.adj,sah2019multi,77,114,animal
voles_begon_site_KCS_trapping_session_17.adj,sah2019multi,85,126,animal
voles_begon_site_KCS_trapping_session_18.adj,sah2019multi,60,88,animal
voles_begon_site_KCS_trapping_session_19.adj,sah2019multi,8,8,animal
voles_begon_site_KCS_trapping_session_20.adj,sah2019multi,59,80,animal
voles_begon_site_KCS_trapping_session_21.adj,sah2019multi,51,73,animal
voles_begon_site_KCS_trapping_session_22.adj,sah2019multi,96,141,animal
voles_begon_site_KCS_trapping_session_23.adj,sah2019multi,58,86,animal
voles_begon_site_KCS_trapping_session_24.adj,sah2019multi,85,123,animal
voles_begon_site_KCS_trapping_session_29.adj,sah2019multi,71,96,animal
voles_begon_site_KCS_trapping_session_30.adj,sah2019multi,59,82,animal
voles_begon_site_KCS_trapping_session_31.adj,sah2019multi,16,17,animal
voles_begon_site_KCS_trapping_session_32.adj,sah2019multi,32,32,animal
voles_begon_site_KCS_trapping_session_33.adj,sah2019multi,17,16,animal
voles_begon_site_KCS_trapping_session_34.adj,sah2019multi,9,6,animal
voles_begon_site_KCS_trapping_session_35.adj,sah2019multi,9,10,animal
voles_begon_site_KCS_trapping_session_36.adj,sah2019multi,21,21,animal
voles_begon_site_KCS_trapping_session_37.adj,sah2019multi,42,53,animal
voles_begon_site_KCS_trapping_session_38.adj,sah2019multi,10,9,animal
voles_begon_site_KCS_trapping_session_40.adj,sah2019multi,8,8,animal
voles_begon_site_KCS_trapping_session_44.adj,sah2019multi,12,17,animal
voles_begon_site_KCS_trapping_session_45.adj,sah2019multi,11,9,animal
voles_begon_site_KCS_trapping_session_46.adj,sah2019multi,40,50,animal
voles_begon_site_KCS_trapping_session_47.adj,sah2019multi,58,86,animal
voles_begon_site_KCS_trapping_session_48.adj,sah2019multi,75,109,animal
voles_begon_site_KCS_trapping_session_49.adj,sah2019multi,74,110,animal
voles_begon_site_KCS_trapping_session_50.adj,sah2019multi,46,67,animal
voles_begon_site_KCS_trapping_session_51.adj,sah2019multi,37,39,animal
voles_begon_site_KCS_trapping_session_52.adj,sah2019multi,12,9,animal
voles_begon_site_KCS_trapping_session_53.adj,sah2019multi,16,17,animal
voles_begon_site_KCS_trapping_session_54.adj,sah2019multi,8,9,animal
voles_begon_site_KCS_trapping_session_55.adj,sah2019multi,40,57,animal
voles_begon_site_KCS_trapping_session_56.adj,sah2019multi,16,23,animal
voles_begon_site_KCS_trapping_session_57.adj,sah2019multi,22,24,animal
voles_begon_site_KCS_trapping_session_58.adj,sah2019multi,20,24,animal
voles_begon_site_KCS_trapping_session_59.adj,sah2019multi,34,49,animal
voles_begon_site_KCS_trapping_session_60.adj,sah2019multi,55,78,animal
voles_begon_site_KCS_trapping_session_61.adj,sah2019multi,52,75,animal
voles_begon_site_KCS_trapping_session_62.adj,sah2019multi,22,23,animal
voles_begon_site_KCS_trapping_session_63.adj,sah2019multi,17,18,animal
voles_begon_site_KCS_trapping_session_64.adj,sah2019multi,23,33,animal
voles_begon_site_PLJ_trapping_session_01.adj,sah2019multi,8,8,animal
voles_begon_site_PLJ_trapping_session_02.adj,sah2019multi,19,17,animal
voles_begon_site_PLJ_trapping_session_03.adj,sah2019multi,28,29,animal
voles_begon_site_PLJ_trapping_session_04.adj,sah2019multi,49,66,animal
voles_begon_site_PLJ_trapping_session_05.adj,sah2019multi,49,73,animal
voles_begon_site_PLJ_trapping_session_06.adj,sah2019multi,32,41,animal
voles_begon_site_PLJ_trapping_session_07.adj,sah2019multi,28,32,animal
voles_begon_site_PLJ_trapping_session_08.adj,sah2019multi,19,18,animal
voles_begon_site_PLJ_trapping_session_09.adj,sah2019multi,30,32,animal
voles_begon_site_PLJ_trapping_session_10.adj,sah2019multi,26,30,animal
voles_begon_site_PLJ_trapping_session_11.adj,sah2019multi,15,19,animal
voles_begon_site_PLJ_trapping_session_12.adj,sah2019multi,5,4,animal
voles_begon_site_PLJ_trapping_session_13.adj,sah2019multi,16,17,animal
voles_begon_site_PLJ_trapping_session_14.adj,sah2019multi,27,28,animal
voles_begon_site_PLJ_trapping_session_15.adj,sah2019multi,48,59,animal
voles_begon_site_PLJ_trapping_session_16.adj,sah2019multi,32,33,animal
voles_begon_site_PLJ_trapping_session_17.adj,sah2019multi,31,39,animal
voles_begon_site_PLJ_trapping_session_18.adj,sah2019multi,45,64,animal
voles_begon_site_PLJ_trapping_session_19.adj,sah2019multi,6,7,animal
voles_begon_site_PLJ_trapping_session_20.adj,sah2019multi,32,42,animal
voles_begon_site_PLJ_trapping_session_21.adj,sah2019multi,39,52,animal
voles_begon_site_PLJ_trapping_session_22.adj,sah2019multi,68,96,animal
voles_begon_site_PLJ_trapping_session_23.adj,sah2019multi,84,120,animal
voles_begon_site_PLJ_trapping_session_28.adj,sah2019multi,69,103,animal
voles_begon_site_PLJ_trapping_session_29.adj,sah2019multi,42,47,animal
voles_begon_site_PLJ_trapping_session_30.adj,sah2019multi,22,21,animal
voles_begon_site_PLJ_trapping_session_31.adj,sah2019multi,27,37,animal
voles_begon_site_PLJ_trapping_session_32.adj,sah2019multi,8,10,animal
voles_begon_site_PLJ_trapping_session_34.adj,sah2019multi,6,5,animal
voles_begon_site_PLJ_trapping_session_36.adj,sah2019multi,9,7,animal
voles_begon_site_PLJ_trapping_session_37.adj,sah2019multi,7,7,animal
voles_begon_site_PLJ_trapping_session_38.adj,sah2019multi,9,8,animal
voles_begon_site_PLJ_trapping_session_39.adj,sah2019multi,5,6,animal
voles_begon_site_PLJ_trapping_session_44.adj,sah2019multi,10,10,animal
voles_begon_site_PLJ_trapping_session_45.adj,sah2019multi,42,62,animal
voles_begon_site_PLJ_trapping_session_46.adj,sah2019multi,54,67,animal
voles_begon_site_PLJ_trapping_session_47.adj,sah2019multi,27,28,animal
voles_begon_site_PLJ_trapping_session_48.adj,sah2019multi,47,60,animal
voles_begon_site_PLJ_trapping_session_49.adj,sah2019multi,62,92,animal
voles_begon_site_PLJ_trapping_session_50.adj,sah2019multi,58,57,animal
voles_begon_site_PLJ_trapping_session_51.adj,sah2019multi,15,20,animal
voles_begon_site_PLJ_trapping_session_52.adj,sah2019multi,16,14,animal
voles_begon_site_PLJ_trapping_session_53.adj,sah2019multi,12,11,animal
voles_begon_site_PLJ_trapping_session_54.adj,sah2019multi,16,23,animal
voles_begon_site_PLJ_trapping_session_56.adj,sah2019multi,10,8,animal
voles_begon_site_PLJ_trapping_session_57.adj,sah2019multi,11,9,animal
voles_begon_site_PLJ_trapping_session_59.adj,sah2019multi,72,106,animal
voles_begon_site_PLJ_trapping_session_60.adj,sah2019multi,80,119,animal
voles_begon_site_PLJ_trapping_session_61.adj,sah2019multi,83,120,animal
voles_begon_site_PLJ_trapping_session_62.adj,sah2019multi,38,42,animal
voles_begon_site_PLJ_trapping_session_63.adj,sah2019multi,21,19,animal
voles_begon_site_ROB_trapping_session_02.adj,sah2019multi,57,85,animal
voles_begon_site_ROB_trapping_session_03.adj,sah2019multi,49,73,animal
voles_begon_site_ROB_trapping_session_04.adj,sah2019multi,74,110,animal
voles_begon_site_ROB_trapping_session_05.adj,sah2019multi,59,80,animal
voles_begon_site_ROB_trapping_session_06.adj,sah2019multi,63,90,animal
voles_begon_site_ROB_trapping_session_07.adj,sah2019multi,50,59,animal
voles_begon_site_ROB_trapping_session_08.adj,sah2019multi,36,32,animal
voles_begon_site_ROB_trapping_session_09.adj,sah2019multi,26,30,animal
voles_begon_site_ROB_trapping_session_10.adj,sah2019multi,40,53,animal
voles_begon_site_ROB_trapping_session_11.adj,sah2019multi,59,82,animal
voles_begon_site_ROB_trapping_session_12.adj,sah2019multi,56,73,animal
voles_begon_site_ROB_trapping_session_13.adj,sah2019multi,83,123,animal
voles_begon_site_ROB_trapping_session_14.adj,sah2019multi,57,80,animal
voles_begon_site_ROB_trapping_session_15.adj,sah2019multi,24,24,animal
voles_begon_site_ROB_trapping_session_17.adj,sah2019multi,62,92,animal
voles_begon_site_ROB_trapping_session_18.adj,sah2019multi,49,59,animal
voles_begon_site_ROB_trapping_session_19.adj,sah2019multi,42,47,animal
voles_begon_site_ROB_trapping_session_20.adj,sah2019multi,48,54,animal
voles_begon_site_ROB_trapping_session_21.adj,sah2019multi,78,111,animal
voles_begon_site_ROB_trapping_session_22.adj,sah2019multi,92,135,animal
voles_begon_site_ROB_trapping_session_23.adj,sah2019multi,90,131,animal
voles_begon_site_ROB_trapping_session_24.adj,sah2019multi,84,124,animal
voles_begon_site_ROB_trapping_session_25.adj,sah2019multi,63,93,animal
voles_begon_site_ROB_trapping_session_26.adj,sah2019multi,41,48,animal
voles_begon_site_ROB_trapping_session_27.adj,sah2019multi,64,78,animal
voles_begon_site_ROB_trapping_session_28.adj,sah2019multi,71,92,animal
voles_begon_site_ROB_trapping_session_29.adj,sah2019multi,62,65,animal
voles_begon_site_ROB_trapping_session_30.adj,sah2019multi,38,45,animal
voles_begon_site_ROB_trapping_session_31.adj,sah2019multi,25,24,animal
voles_begon_site_ROB_trapping_session_32.adj,sah2019multi,13,12,animal
voles_begon_site_ROB_trapping_session_34.adj,sah2019multi,5,5,animal
voles_begon_site_ROB_trapping_session_44.adj,sah2019multi,15,14,animal
voles_begon_site_ROB_trapping_session_45.adj,sah2019multi,57,85,animal
voles_begon_site_ROB_trapping_session_46.adj,sah2019multi,63,88,animal
voles_begon_site_ROB_trapping_session_47.adj,sah2019multi,87,128,animal
voles_begon_site_ROB_trapping_session_48.adj,sah2019multi,40,39,animal
voles_begon_site_ROB_trapping_session_49.adj,sah2019multi,79,115,animal
voles_begon_site_ROB_trapping_session_50.adj,sah2019multi,82,122,animal
voles_begon_site_ROB_trapping_session_51.adj,sah2019multi,76,94,animal
voles_begon_site_ROB_trapping_session_52.adj,sah2019multi,62,84,animal
voles_begon_site_ROB_trapping_session_53.adj,sah2019multi,20,18,animal
voles_begon_site_ROB_trapping_session_54.adj,sah2019multi,56,54,animal
voles_begon_site_ROB_trapping_session_55.adj,sah2019multi,55,75,animal
voles_begon_site_ROB_trapping_session_56.adj,sah2019multi,15,16,animal
voles_begon_site_ROB_trapping_session_57.adj,sah2019multi,30,32,animal
voles_begon_site_ROB_trapping_session_58.adj,sah2019multi,46,53,animal
voles_begon_site_ROB_trapping_session_59.adj,sah2019multi,81,103,animal
voles_begon_site_ROB_trapping_session_60.adj,sah2019multi,83,106,animal
voles_begon_site_ROB_trapping_session_61.adj,sah2019multi,74,109,animal
voles_begon_site_ROB_trapping_session_62.adj,sah2019multi,69,94,animal
voles_begon_site_ROB_trapping_session_63.adj,sah2019multi,44,61,animal
voles_begon_site_ROB_trapping_session_64.adj,sah2019multi,24,22,animal
walthergraph.adj,tutte1946hamiltonian,25,31,graph
water.adj,scutari2021bayesian,32,66,abstract
watkinssnark.adj,watkins1989snarks,50,75,graph
weaver_dijk_social_00.adj,sah2019multi,18,28,animal
weaver_dijk_social_01.adj,sah2019multi,7,12,animal
weaver_dijk_social_02.adj,sah2019multi,5,10,animal
weaver_dijk_social_03.adj,sah2019multi,42,152,animal
weaver_dijk_social_04.adj,sah2019multi,18,27,animal
weaver_dijk_social_05.adj,sah2019multi,13,19,animal
weaver_dijk_social_06.adj,sah2019multi,19,64,animal
weaver_dijk_social_07.adj,sah2019multi,9,10,animal
weaver_dijk_social_08.adj,sah2019multi,34,147,animal
weaver_dijk_social_09.adj,sah2019multi,12,36,animal
weaver_dijk_social_10.adj,sah2019multi,16,21,animal
weaver_dijk_social_11.adj,sah2019multi,42,113,animal
weaver_dijk_social_12.adj,sah2019multi,39,124,animal
weaver_dijk_social_13.adj,sah2019multi,31,117,animal
weaver_dijk_social_14.adj,sah2019multi,11,38,animal
weaver_dijk_social_15.adj,sah2019multi,23,43,animal
weaver_dijk_social_16.adj,sah2019multi,64,177,animal
weaver_dijk_social_17.adj,sah2019multi,6,9,animal
weaver_dijk_social_18.adj,sah2019multi,6,11,animal
weaver_dijk_social_19.adj,sah2019multi,18,80,animal
weaver_dijk_social_20.adj,sah2019multi,14,62,animal
weaver_dijk_social_21.adj,sah2019multi,15,64,animal
weaver_dijk_social_22.adj,sah2019multi,24,62,animal
weevil.adj,pierce1912insect,19,22,eco
weighted_ant_quevillon_colony1_day1.adj,sah2019multi,28,36,animal
weighted_ant_quevillon_colony1_day2.adj,sah2019multi,24,32,animal
weighted_ant_quevillon_colony1_day3.adj,sah2019multi,23,25,animal
weighted_ant_quevillon_colony1_day4.adj,sah2019multi,35,51,animal
weighted_ant_quevillon_colony1_day5.adj,sah2019multi,23,24,animal
weighted_ant_quevillon_colony1_day6.adj,sah2019multi,28,22,animal
weighted_ant_quevillon_colony1_day7.adj,sah2019multi,29,43,animal
weighted_ant_quevillon_colony1_day8.adj,sah2019multi,36,53,animal
weighted_ant_quevillon_colony2_day1.adj,sah2019multi,26,36,animal
weighted_ant_quevillon_colony2_day2.adj,sah2019multi,24,30,animal
weighted_ant_quevillon_colony2_day3.adj,sah2019multi,28,40,animal
weighted_ant_quevillon_colony2_day4.adj,sah2019multi,29,40,animal
weighted_ant_quevillon_colony2_day5.adj,sah2019multi,30,32,animal
weighted_ant_quevillon_colony2_day6.adj,sah2019multi,33,46,animal
weighted_ant_quevillon_colony2_day7.adj,sah2019multi,30,44,animal
weighted_ant_quevillon_colony2_day8.adj,sah2019multi,26,38,animal
Weighted_Barn_swallow_contact_network_Levin.adj,sah2019multi,17,22,animal
Weighted_Barn_swallow_non_physical_social_interaction_Levin.adj,sah2019multi,17,25,animal
weighted_bison_dominance.adj,sah2019multi,23,32,animal
weighted_burrow_sharing_before_fire_weight=freq.adj,sah2019multi,9,10,animal
weighted_cattle_dominance.adj,sah2019multi,23,33,animal
weighted_Contact_Sits_Macaque.adj,sah2019multi,27,40,animal
weighted_dominance_phys_contact_2010_2011.adj,sah2019multi,46,56,animal
weighted_dominance_phys_contact_2010_2012_peidras_blanca.adj,sah2019multi,16,14,animal
weighted_dominance_phys_contact_2011_2012.adj,sah2019multi,24,30,animal
weighted_dominance_phys_contact_2012_2013.adj,sah2019multi,19,15,animal
weighted_Flock_Season2_Dryad.adj,sah2019multi,31,46,animal
weighted_Flock_Season3_Dryad.adj,sah2019multi,23,34,animal
weighted_FORAGE_dolphin_florida.adj,sah2019multi,68,100,animal
weighted_geese_female_foraging.adj,sah2019multi,20,29,animal
weighted_geese_male_foraging.adj,sah2019multi,22,30,animal
weighted_Grooming_Bouts_Macaque.adj,sah2019multi,28,41,animal
weighted_group_10.adj,sah2019multi,13,15,animal
weighted_group_11.adj,sah2019multi,12,12,animal
weighted_group_12.adj,sah2019multi,6,5,animal
weighted_group_14.adj,sah2019multi,7,9,animal
weighted_group_15.adj,sah2019multi,6,7,animal
weighted_group_16.adj,sah2019multi,6,5,animal
weighted_group_17.adj,sah2019multi,9,10,animal
weighted_group_18.adj,sah2019multi,10,7,animal
weighted_group_19.adj,sah2019multi,11,9,animal
weighted_group_2.adj,sah2019multi,5,6,animal
weighted_group_20.adj,sah2019multi,13,17,animal
weighted_group_21.adj,sah2019multi,7,10,animal
weighted_group_22.adj,sah2019multi,5,5,animal
weighted_group_23.adj,sah2019multi,20,20,animal
weighted_group_24.adj,sah2019multi,9,6,animal
weighted_group_25.adj,sah2019multi,9,6,animal
weighted_group_27.adj,sah2019multi,13,12,animal
weighted_group_28.adj,sah2019multi,15,14,animal
weighted_group_29.adj,sah2019multi,11,7,animal
weighted_group_3.adj,sah2019multi,20,15,animal
weighted_group_6.adj,sah2019multi,6,4,animal
weighted_group_7.adj,sah2019multi,13,13,animal
weighted_group_8.adj,sah2019multi,15,18,animal
weighted_group_9.adj,sah2019multi,12,9,animal
weighted_hens_pecking_order.adj,sah2019multi,32,496,animal
weighted_hyena_networkA.adj,sah2019multi,32,46,animal
weighted_hyena_networkB.adj,sah2019multi,29,43,animal
weighted_hyena_networkC.adj,sah2019multi,32,47,animal
weighted_kangaroo_interactions.adj,sah2019multi,10,14,animal
weighted_macaque_dominance.adj,sah2019multi,59,86,animal
weighted_network_col1_day03.adj,sah2019multi,91,135,animal
weighted_network_col1_day07.adj,sah2019multi,99,147,animal
weighted_network_col1_day10.adj,sah2019multi,99,147,animal
weighted_network_col1_day11.adj,sah2019multi,100,147,animal
weighted_network_col1_day12.adj,sah2019multi,91,135,animal
weighted_network_col1_day13.adj,sah2019multi,88,130,animal
weighted_network_col1_day14.adj,sah2019multi,87,128,animal
weighted_network_col1_day15.adj,sah2019multi,91,136,animal
weighted_network_col1_day16.adj,sah2019multi,93,139,animal
weighted_network_col1_day17.adj,sah2019multi,85,127,animal
weighted_network_col1_day18.adj,sah2019multi,79,117,animal
weighted_network_col1_day19.adj,sah2019multi,88,130,animal
weighted_network_col1_day20.adj,sah2019multi,93,137,animal
weighted_network_col1_day21.adj,sah2019multi,87,130,animal
weighted_network_col1_day22.adj,sah2019multi,73,109,animal
weighted_network_col1_day23.adj,sah2019multi,71,105,animal
weighted_network_col1_day24.adj,sah2019multi,68,100,animal
weighted_network_col1_day25.adj,sah2019multi,77,115,animal
weighted_network_col1_day26.adj,sah2019multi,69,102,animal
weighted_network_col1_day27.adj,sah2019multi,74,109,animal
weighted_network_col1_day28.adj,sah2019multi,74,109,animal
weighted_network_col1_day29.adj,sah2019multi,71,105,animal
weighted_network_col1_day30.adj,sah2019multi,69,101,animal
weighted_network_col1_day31.adj,sah2019multi,72,105,animal
weighted_network_col1_day32.adj,sah2019multi,54,79,animal
weighted_network_col1_day33.adj,sah2019multi,52,76,animal
weighted_network_col1_day34.adj,sah2019multi,52,77,animal
weighted_network_col1_day35.adj,sah2019multi,51,76,animal
weighted_network_col1_day36.adj,sah2019multi,50,73,animal
weighted_network_col1_day37.adj,sah2019multi,49,73,animal
weighted_network_col1_day38.adj,sah2019multi,50,74,animal
weighted_network_col1_day39.adj,sah2019multi,53,79,animal
weighted_network_col1_day40.adj,sah2019multi,48,71,animal
weighted_network_col1_day41.adj,sah2019multi,52,77,animal
weighted_network_col2_day12.adj,sah2019multi,94,139,animal
weighted_network_col2_day14.adj,sah2019multi,100,148,animal
weighted_network_col2_day15.adj,sah2019multi,98,144,animal
weighted_network_col2_day16.adj,sah2019multi,95,142,animal
weighted_network_col2_day17.adj,sah2019multi,92,137,animal
weighted_network_col2_day19.adj,sah2019multi,93,138,animal
weighted_network_col2_day20.adj,sah2019multi,95,142,animal
weighted_network_col2_day21.adj,sah2019multi,93,137,animal
weighted_network_col2_day22.adj,sah2019multi,82,122,animal
weighted_network_col2_day23.adj,sah2019multi,83,120,animal
weighted_network_col2_day24.adj,sah2019multi,81,121,animal
weighted_network_col2_day25.adj,sah2019multi,81,118,animal
weighted_network_col2_day26.adj,sah2019multi,80,118,animal
weighted_network_col2_day27.adj,sah2019multi,78,116,animal
weighted_network_col2_day28.adj,sah2019multi,78,116,animal
weighted_network_col2_day29.adj,sah2019multi,77,113,animal
weighted_network_col2_day30.adj,sah2019multi,78,116,animal
weighted_network_col2_day31.adj,sah2019multi,77,115,animal
weighted_network_col2_day32.adj,sah2019multi,55,81,animal
weighted_network_col2_day33.adj,sah2019multi,57,85,animal
weighted_network_col2_day34.adj,sah2019multi,50,74,animal
weighted_network_col2_day35.adj,sah2019multi,55,82,animal
weighted_network_col2_day36.adj,sah2019multi,52,77,animal
weighted_network_col2_day37.adj,sah2019multi,56,83,animal
weighted_network_col2_day38.adj,sah2019multi,53,79,animal
weighted_network_col2_day39.adj,sah2019multi,55,81,animal
weighted_network_col2_day40.adj,sah2019multi,54,80,animal
weighted_network_col2_day41.adj,sah2019multi,55,82,animal
weighted_network_col3_day22.adj,sah2019multi,99,144,animal
weighted_network_col3_day24.adj,sah2019multi,99,148,animal
weighted_network_col3_day26.adj,sah2019multi,95,139,animal
weighted_network_col3_day27.adj,sah2019multi,91,132,animal
weighted_network_col3_day28.adj,sah2019multi,96,138,animal
weighted_network_col3_day29.adj,sah2019multi,100,146,animal
weighted_network_col3_day32.adj,sah2019multi,87,128,animal
weighted_network_col3_day33.adj,sah2019multi,80,119,animal
weighted_network_col3_day34.adj,sah2019multi,82,120,animal
weighted_network_col3_day35.adj,sah2019multi,87,129,animal
weighted_network_col3_day36.adj,sah2019multi,86,127,animal
weighted_network_col3_day37.adj,sah2019multi,81,121,animal
weighted_network_col3_day38.adj,sah2019multi,74,110,animal
weighted_network_col3_day39.adj,sah2019multi,81,121,animal
weighted_network_col3_day40.adj,sah2019multi,82,121,animal
weighted_network_col3_day41.adj,sah2019multi,79,117,animal
weighted_network_col4_day01.adj,sah2019multi,91,135,animal
weighted_network_col4_day02.adj,sah2019multi,84,120,animal
weighted_network_col4_day03.adj,sah2019multi,91,135,animal
weighted_network_col4_day04.adj,sah2019multi,90,133,animal
weighted_network_col4_day05.adj,sah2019multi,90,132,animal
weighted_network_col4_day06.adj,sah2019multi,90,133,animal
weighted_network_col4_day07.adj,sah2019multi,86,127,animal
weighted_network_col4_day08.adj,sah2019multi,91,136,animal
weighted_network_col4_day09.adj,sah2019multi,84,124,animal
weighted_network_col4_day10.adj,sah2019multi,90,134,animal
weighted_network_col4_day11.adj,sah2019multi,91,135,animal
weighted_network_col4_day12.adj,sah2019multi,61,90,animal
weighted_network_col4_day13.adj,sah2019multi,58,86,animal
weighted_network_col4_day14.adj,sah2019multi,65,96,animal
weighted_network_col4_day15.adj,sah2019multi,67,99,animal
weighted_network_col4_day16.adj,sah2019multi,65,96,animal
weighted_network_col4_day17.adj,sah2019multi,64,91,animal
weighted_network_col4_day18.adj,sah2019multi,61,91,animal
weighted_network_col4_day19.adj,sah2019multi,67,99,animal
weighted_network_col4_day20.adj,sah2019multi,66,97,animal
weighted_network_col4_day21.adj,sah2019multi,65,97,animal
weighted_network_col4_day22.adj,sah2019multi,49,73,animal
weighted_network_col4_day23.adj,sah2019multi,50,74,animal
weighted_network_col4_day24.adj,sah2019multi,47,70,animal
weighted_network_col4_day25.adj,sah2019multi,50,73,animal
weighted_network_col4_day26.adj,sah2019multi,51,75,animal
weighted_network_col4_day27.adj,sah2019multi,49,73,animal
weighted_network_col4_day28.adj,sah2019multi,51,76,animal
weighted_network_col4_day29.adj,sah2019multi,46,68,animal
weighted_network_col4_day30.adj,sah2019multi,51,75,animal
weighted_network_col4_day31.adj,sah2019multi,50,74,animal
weighted_network_col4_day32.adj,sah2019multi,34,50,animal
weighted_network_col4_day33.adj,sah2019multi,33,49,animal
weighted_network_col4_day34.adj,sah2019multi,34,50,animal
weighted_network_col4_day35.adj,sah2019multi,33,48,animal
weighted_network_col4_day36.adj,sah2019multi,33,49,animal
weighted_network_col4_day37.adj,sah2019multi,32,47,animal
weighted_network_col4_day38.adj,sah2019multi,35,51,animal
weighted_network_col4_day39.adj,sah2019multi,31,46,animal
weighted_network_col4_day40.adj,sah2019multi,35,50,animal
weighted_network_col4_day41.adj,sah2019multi,34,50,animal
weighted_network_col5_day22.adj,sah2019multi,84,122,animal
weighted_network_col5_day23.adj,sah2019multi,81,121,animal
weighted_network_col5_day24.adj,sah2019multi,82,121,animal
weighted_network_col5_day25.adj,sah2019multi,80,119,animal
weighted_network_col5_day26.adj,sah2019multi,82,121,animal
weighted_network_col5_day27.adj,sah2019multi,83,124,animal
weighted_network_col5_day28.adj,sah2019multi,77,113,animal
weighted_network_col5_day29.adj,sah2019multi,79,113,animal
weighted_network_col5_day30.adj,sah2019multi,79,117,animal
weighted_network_col5_day31.adj,sah2019multi,83,123,animal
weighted_network_col5_day32.adj,sah2019multi,58,85,animal
weighted_network_col5_day33.adj,sah2019multi,60,89,animal
weighted_network_col5_day34.adj,sah2019multi,60,89,animal
weighted_network_col5_day35.adj,sah2019multi,62,91,animal
weighted_network_col5_day36.adj,sah2019multi,61,91,animal
weighted_network_col5_day37.adj,sah2019multi,59,88,animal
weighted_network_col5_day38.adj,sah2019multi,58,86,animal
weighted_network_col5_day39.adj,sah2019multi,61,91,animal
weighted_network_col5_day40.adj,sah2019multi,63,94,animal
weighted_network_col5_day41.adj,sah2019multi,58,85,animal
weighted_network_col6_day25.adj,sah2019multi,100,149,animal
weighted_network_col6_day32.adj,sah2019multi,88,131,animal
weighted_network_col6_day33.adj,sah2019multi,84,125,animal
weighted_network_col6_day34.adj,sah2019multi,84,125,animal
weighted_network_col6_day35.adj,sah2019multi,86,128,animal
weighted_network_col6_day36.adj,sah2019multi,79,118,animal
weighted_network_col6_day37.adj,sah2019multi,87,129,animal
weighted_network_col6_day38.adj,sah2019multi,79,118,animal
weighted_network_col6_day39.adj,sah2019multi,80,113,animal
weighted_network_roosting_indiana_bat.adj,sah2019multi,34,50,animal
weighted_network_social_songbird.adj,sah2019multi,88,131,animal
weighted_network_social_T_rugosa.adj,sah2019multi,60,89,animal
weighted_OVERALL_dolphin_florida.adj,sah2019multi,81,118,animal
weighted_primate_matrix_1.adj,sah2019multi,15,20,animal
weighted_primate_matrix_10.adj,sah2019multi,21,31,animal
weighted_primate_matrix_11.adj,sah2019multi,16,23,animal
weighted_primate_matrix_12.adj,sah2019multi,16,23,animal
weighted_primate_matrix_13.adj,sah2019multi,25,37,animal
weighted_primate_matrix_14.adj,sah2019multi,19,28,animal
weighted_primate_matrix_15.adj,sah2019multi,23,34,animal
weighted_primate_matrix_16.adj,sah2019multi,23,33,animal
weighted_primate_matrix_17.adj,sah2019multi,7,9,animal
weighted_primate_matrix_18.adj,sah2019multi,6,8,animal
weighted_primate_matrix_19.adj,sah2019multi,10,13,animal
weighted_primate_matrix_2.adj,sah2019multi,5,7,animal
weighted_primate_matrix_3.adj,sah2019multi,22,32,animal
weighted_primate_matrix_4.adj,sah2019multi,11,15,animal
weighted_primate_matrix_5.adj,sah2019multi,15,22,animal
weighted_primate_matrix_6.adj,sah2019multi,7,10,animal
weighted_primate_matrix_7.adj,sah2019multi,18,25,animal
weighted_primate_matrix_8.adj,sah2019multi,19,28,animal
weighted_primate_matrix_9.adj,sah2019multi,17,25,animal
weighted_raccoon_matrix_1.adj,sah2019multi,22,32,animal
weighted_raccoon_matrix_10.adj,sah2019multi,19,28,animal
weighted_raccoon_matrix_11.adj,sah2019multi,19,28,animal
weighted_raccoon_matrix_12.adj,sah2019multi,18,25,animal
weighted_raccoon_matrix_13.adj,sah2019multi,19,28,animal
weighted_raccoon_matrix_14.adj,sah2019multi,17,25,animal
weighted_raccoon_matrix_15.adj,sah2019multi,18,26,animal
weighted_raccoon_matrix_16.adj,sah2019multi,17,25,animal
weighted_raccoon_matrix_17.adj,sah2019multi,15,22,animal
weighted_raccoon_matrix_18.adj,sah2019multi,12,17,animal
weighted_raccoon_matrix_19.adj,sah2019multi,17,25,animal
weighted_raccoon_matrix_2.adj,sah2019multi,21,31,animal
weighted_raccoon_matrix_20.adj,sah2019multi,17,25,animal
weighted_raccoon_matrix_21.adj,sah2019multi,14,20,animal
weighted_raccoon_matrix_22.adj,sah2019multi,15,22,animal
weighted_raccoon_matrix_23.adj,sah2019multi,13,19,animal
weighted_raccoon_matrix_24.adj,sah2019multi,13,19,animal
weighted_raccoon_matrix_25.adj,sah2019multi,13,19,animal
weighted_raccoon_matrix_26.adj,sah2019multi,15,22,animal
weighted_raccoon_matrix_27.adj,sah2019multi,13,19,animal
weighted_raccoon_matrix_28.adj,sah2019multi,15,22,animal
weighted_raccoon_matrix_29.adj,sah2019multi,9,13,animal
weighted_raccoon_matrix_3.adj,sah2019multi,21,31,animal
weighted_raccoon_matrix_30.adj,sah2019multi,8,11,animal
weighted_raccoon_matrix_31.adj,sah2019multi,8,11,animal
weighted_raccoon_matrix_32.adj,sah2019multi,13,19,animal
weighted_raccoon_matrix_33.adj,sah2019multi,13,19,animal
weighted_raccoon_matrix_34.adj,sah2019multi,13,19,animal
weighted_raccoon_matrix_35.adj,sah2019multi,14,20,animal
weighted_raccoon_matrix_36.adj,sah2019multi,14,20,animal
weighted_raccoon_matrix_37.adj,sah2019multi,14,17,animal
weighted_raccoon_matrix_38.adj,sah2019multi,10,14,animal
weighted_raccoon_matrix_39.adj,sah2019multi,12,17,animal
weighted_raccoon_matrix_4.adj,sah2019multi,22,32,animal
weighted_raccoon_matrix_40.adj,sah2019multi,16,23,animal
weighted_raccoon_matrix_41.adj,sah2019multi,14,20,animal
weighted_raccoon_matrix_42.adj,sah2019multi,17,25,animal
weighted_raccoon_matrix_43.adj,sah2019multi,15,22,animal
weighted_raccoon_matrix_44.adj,sah2019multi,11,16,animal
weighted_raccoon_matrix_45.adj,sah2019multi,12,17,animal
weighted_raccoon_matrix_46.adj,sah2019multi,11,16,animal
weighted_raccoon_matrix_47.adj,sah2019multi,13,19,animal
weighted_raccoon_matrix_48.adj,sah2019multi,14,20,animal
weighted_raccoon_matrix_49.adj,sah2019multi,11,16,animal
weighted_raccoon_matrix_5.adj,sah2019multi,21,31,animal
weighted_raccoon_matrix_50.adj,sah2019multi,15,22,animal
weighted_raccoon_matrix_51.adj,sah2019multi,15,22,animal
weighted_raccoon_matrix_52.adj,sah2019multi,13,19,animal
weighted_raccoon_matrix_6.adj,sah2019multi,21,31,animal
weighted_raccoon_matrix_7.adj,sah2019multi,21,31,animal
weighted_raccoon_matrix_8.adj,sah2019multi,21,31,animal
weighted_raccoon_matrix_9.adj,sah2019multi,19,28,animal
weighted_sheep_dominance.adj,sah2019multi,23,34,animal
weighted_SOCIAL_dolphin_florida.adj,sah2019multi,48,71,animal
weighted_social_vampire_bats.adj,sah2019multi,17,25,animal
weighted_sparrow_social_2009.adj,sah2019multi,30,44,animal
weighted_sparrow_social_2010.adj,sah2019multi,36,52,animal
weighted_spidermonkeys_contact.adj,sah2019multi,15,22,animal
weighted_TRAVEL_dolphin_florida.adj,sah2019multi,82,117,animal
wellsgraph.adj,wells1983regular,32,80,graph
WETA0513-20.adj,unknown_animal_vocalizations,48,107,vocal
whale2002.adj,unknown_animal_vocalizations,42,82,vocal
whale2003.adj,unknown_animal_vocalizations,31,74,vocal
whale2004.adj,unknown_animal_vocalizations,63,158,vocal
whale2005.adj,unknown_animal_vocalizations,60,161,vocal
whale2006.adj,unknown_animal_vocalizations,43,124,vocal
whale2007.adj,unknown_animal_vocalizations,25,38,vocal
whale2008.adj,unknown_animal_vocalizations,59,207,vocal
whale2009.adj,unknown_animal_vocalizations,46,188,vocal
whale2010.adj,unknown_animal_vocalizations,68,293,vocal
whale2011.adj,unknown_animal_vocalizations,71,302,vocal
whale2012.adj,unknown_animal_vocalizations,78,442,vocal
whale2013.adj,unknown_animal_vocalizations,52,163,vocal
wienerarayagraph.adj,wiener2011planar,42,67,graph
wildbird_firth_network_2.adj,sah2019multi,94,140,animal
wildbird_firth_network_3.adj,sah2019multi,93,139,animal
wildbird_firth_network_4.adj,sah2019multi,92,135,animal
win95pts.adj,scutari2021bayesian,76,112,abstract
windsurfers.adj,freeman1988human,43,336,social
wiring_RDCON.adj,ucinet,13,19,social
wiring_RDGAM.adj,ucinet,13,28,social
wiring_RDHLP.adj,ucinet,13,22,social
wiring_RDJOB.adj,ucinet,13,7,social
wiring_RDNEG.adj,ucinet,13,19,social
wiring_RDPOS.adj,ucinet,13,13,social
wonggraph.adj,wong1982cages,30,75,graph
word_of_mouth.adj,brown1987social,38,51,graph
zamfirescugraph75.adj,zamfirescu1976longest,75,120,graph
zebra.adj,sundaresan2007network,27,111,animal
